Episode,Total_Steps,Reward,Ep_Steps,Epsilon,Avg_Loss,Success
1,200,-16.33342703717557,200,0.9505,0.0,0
2,247,-149.62466616517136,47,0.9388675,0.0,0
3,447,-25.205125990410682,200,0.8893675,0.0,0
4,647,-21.1823724693392,200,0.8398675,0.0,0
5,703,-149.9121011462352,56,0.8260075,0.0,0
6,744,-148.88180487520407,41,0.81586,0.0,0
7,784,-148.94868087954055,40,0.80596,0.0,0
8,844,-149.21237118981193,60,0.79111,0.0,0
9,899,-149.17813274988313,55,0.7774975,0.0,0
10,951,-149.03022500461455,52,0.7646275,0.0,0
11,999,-149.64943490259964,48,0.7527475,0.0,0
12,1186,-168.51319648486964,187,0.706465,0.0,0
13,1386,-19.674443418143245,200,0.656965,0.0,0
14,1429,-149.21986974078047,43,0.6463224999999999,0.0,0
15,1506,-152.06616661419943,77,0.627265,87.93530285467084,0
16,1706,-30.441045389407247,200,0.5777650000000001,142.06621851840987,0
17,1879,-192.24092987865126,173,0.5349475,121.16465904120076,0
18,1904,-147.18511529963186,25,0.52876,101.75058155059814,0
19,2104,-36.65860807478699,200,0.47926,125.87695858001709,0
20,2249,-186.39186071422625,145,0.44337249999999995,106.56842837662532,0
21,2272,-146.944056566052,23,0.43768000000000007,87.97359093116677,0
22,2376,-154.9164711640815,104,0.4119400000000001,124.368328837248,0
23,2398,-147.1923118323474,22,0.40649499999999994,122.11176748167385,0
24,2462,-146.93056359753362,64,0.390655,123.65257674455643,0
25,2594,-157.3483001197275,132,0.357985,126.67596810875517,0
26,2738,-159.28971596675427,144,0.322345,118.731504968471,0
27,2938,-33.88051818344429,200,0.272845,126.32024559259415,0
28,2959,-146.9793558944122,21,0.26764750000000004,129.94566439446947,0
29,3024,-151.42427639645402,65,0.25156,109.0768394103417,0
30,3201,-183.6870381945921,177,0.2077525,110.196653292004,0
31,3297,-150.96189840892856,96,0.1839925,99.83349272112052,0
32,3314,-146.51852291907494,17,0.17978499999999997,138.74646489760454,0
33,3514,-27.223630434114984,200,0.1302850000000001,109.69944533705711,0
34,3714,-25.993912194329827,200,0.080785,92.1551877439022,0
35,3875,-159.77798844709093,161,0.04093749999999996,85.76062845147175,0
36,3965,-151.3142831404306,90,0.018662500000000026,89.40915433035957,0
37,3999,-147.65904292906856,34,0.010247499999999965,96.93833289426915,0
38,4199,-17.12049288052745,200,0.010000000000000009,74.41556840121746,0
39,4297,-154.53444191096926,98,0.010000000000000009,74.0500836567003,0
40,4497,-25.622390329310797,200,0.010000000000000009,75.82360921382904,0
41,4609,-178.49017295568473,112,0.010000000000000009,70.22337542687144,0
42,4632,-147.08154746765285,23,0.010000000000000009,81.16956665204918,0
43,4832,-21.72785697408336,200,0.010000000000000009,66.74050046920776,0
44,4888,-150.74562988884708,56,0.010000000000000009,64.91716856615884,0
45,5088,-18.36546442938112,200,0.010000000000000009,67.60239875078202,0
46,5186,-151.79900438251403,98,0.010000000000000009,66.19971023773661,0
47,5386,-26.75546709509645,200,0.010000000000000009,61.43333908319473,0
48,5586,-23.630525151096236,200,0.010000000000000009,56.93008022785187,0
49,5786,-22.259078640283963,200,0.010000000000000009,56.75015191316604,0
50,5986,-24.16700028319575,200,0.010000000000000009,50.5465068936348,0
51,6186,-18.775538483612085,200,0.010000000000000009,47.847416725158695,0
52,6386,-18.40935073209457,200,0.010000000000000009,41.23761878252029,0
53,6586,-21.040267424701405,200,0.010000000000000009,43.45238472700119,0
54,6786,-22.88811736884501,200,0.010000000000000009,41.96182097554207,0
55,6986,-22.566569608457776,200,0.010000000000000009,42.31707586884499,0
56,7186,-22.291743794066157,200,0.010000000000000009,34.12735327959061,0
57,7386,-26.955214390814138,200,0.010000000000000009,33.97830603480339,0
58,7586,-21.367683035841697,200,0.010000000000000009,32.15023466587067,0
59,7786,-21.53528034862829,200,0.010000000000000009,29.761256182193755,0
60,7986,-24.820052858379235,200,0.010000000000000009,32.68893064260483,0
61,8186,-20.29775853766484,200,0.010000000000000009,28.71839446425438,0
62,8386,-32.14836648409975,200,0.010000000000000009,27.27511311888695,0
63,8586,-21.7061768606144,200,0.010000000000000009,28.84750932574272,0
64,8786,-24.754234322427465,200,0.010000000000000009,24.27176872253418,0
65,8986,193.07852454467368,200,0.010000000000000009,22.954258776903153,0
66,9037,-147.7308665344672,51,0.010000000000000009,29.625578338024663,0
67,9081,-148.19577549875976,44,0.010000000000000009,36.797666907310486,0
68,9131,-148.49395041560547,50,0.010000000000000009,44.02941371917725,0
69,9174,-148.41257218930855,43,0.010000000000000009,35.44387604469477,0
70,9374,-46.94190778529025,200,0.010000000000000009,33.569096512794495,0
71,9574,-42.50529378698762,200,0.010000000000000009,34.05865213274956,0
72,9658,-152.20787936608562,84,0.010000000000000009,32.358484739349,0
73,9846,-184.9102506999124,188,0.010000000000000009,33.900079001771644,0
74,9920,-151.43030166588196,74,0.010000000000000009,40.901827921738494,0
75,10120,-37.69759540073276,200,0.010000000000000009,41.893490831851956,0
76,10167,-148.89284587135558,47,0.010000000000000009,34.51660435250465,0
77,10351,-162.81715147885518,184,0.010000000000000009,42.18017318585645,0
78,10551,-18.81651685992857,200,0.010000000000000009,39.251467938423154,0
79,10751,-32.458977993328226,200,0.010000000000000009,37.2593648314476,0
80,10951,-33.232033741357796,200,0.010000000000000009,34.70247707605362,0
81,11151,-32.023180098293395,200,0.010000000000000009,34.78056796789169,0
82,11351,-35.25278729333212,200,0.010000000000000009,38.46686313867569,0
83,11551,-21.980127057343385,200,0.010000000000000009,32.05444957971573,0
84,11751,-29.869114235224693,200,0.010000000000000009,31.111881566047668,0
85,11951,-24.834835065668408,200,0.010000000000000009,29.26568075656891,0
86,12151,-43.13823353327131,200,0.010000000000000009,32.764572067260744,0
87,12351,-17.684609495228077,200,0.010000000000000009,31.252621183395387,0
88,12551,-23.07736912133404,200,0.010000000000000009,24.265585517883302,0
89,12751,-23.18572582933885,200,0.010000000000000009,24.24637058377266,0
90,12951,-22.54300664347596,200,0.010000000000000009,27.604050400257112,0
91,13151,-22.89972766462688,200,0.010000000000000009,27.301524996757507,0
92,13351,-18.700729390571006,200,0.010000000000000009,22.304776231050493,0
93,13551,-21.90656941833224,200,0.010000000000000009,22.539532766342163,0
94,13751,-25.165609577256888,200,0.010000000000000009,19.132384124994278,0
95,13951,-22.801487887551815,200,0.010000000000000009,18.86965908050537,0
96,14151,-22.056555376394808,200,0.010000000000000009,18.323039916753768,0
97,14351,-22.05662903610876,200,0.010000000000000009,17.565230164527893,0
98,14551,-24.52704412602731,200,0.010000000000000009,19.25670269548893,0
99,14751,-20.591385942120365,200,0.010000000000000009,14.15857129096985,0
100,14951,-23.34300664813038,200,0.010000000000000009,12.100812376737595,0
101,15151,-22.48769641152846,200,0.010000000000000009,11.0190273052454,0
102,15351,-20.893484995097978,200,0.010000000000000009,12.238602232336998,0
103,15551,-21.676187383539162,200,0.010000000000000009,12.914966794252395,0
104,15751,-23.070318611493963,200,0.010000000000000009,10.531392796039581,0
105,15951,-21.66556803914209,200,0.010000000000000009,9.583305255174636,0
106,16151,-21.071287876611198,200,0.010000000000000009,12.94510106921196,0
107,16351,-23.342104198500575,200,0.010000000000000009,8.366761127710342,0
108,16551,-23.697896006809483,200,0.010000000000000009,9.506843113303184,0
109,16751,-22.340890085991486,200,0.010000000000000009,13.220356808900833,0
110,16951,-24.295296893530026,200,0.010000000000000009,9.20453437268734,0
111,17151,-24.058796599073183,200,0.010000000000000009,7.943180142641068,0
112,17351,-22.52508233468255,200,0.010000000000000009,9.478538893461227,0
113,17551,-22.400203419183274,200,0.010000000000000009,11.237640643119812,0
114,17751,-22.792026004941956,200,0.010000000000000009,12.667009481489659,0
115,17951,-24.02223783238271,200,0.010000000000000009,11.254177258014678,0
116,18151,-21.268638340104395,200,0.010000000000000009,9.911731649637222,0
117,18351,-22.852047438333848,200,0.010000000000000009,7.257702068090439,0
118,18551,-25.599004208756057,200,0.010000000000000009,9.476833932995795,0
119,18751,-21.221334169797103,200,0.010000000000000009,5.038372246623039,0
120,18951,-23.768588117569536,200,0.010000000000000009,6.0270280095934865,0
121,19151,-22.00933253556931,200,0.010000000000000009,3.2535824120044707,0
122,19351,-22.373172921147223,200,0.010000000000000009,2.116249401271343,0
123,19551,-22.806330957779682,200,0.010000000000000009,2.0699248042702676,0
124,19751,-22.977033704971014,200,0.010000000000000009,2.053042664527893,0
125,19951,-22.445411621828807,200,0.010000000000000009,1.5833748552203177,0
126,20151,-22.412644772267207,200,0.010000000000000009,1.1832471545040608,0
127,20351,-21.0364263357801,200,0.010000000000000009,0.9299559338390827,0
128,20551,-19.428697912580432,200,0.010000000000000009,0.781672683954239,0
129,20751,-18.5191642392671,200,0.010000000000000009,0.6660581436753273,0
130,20951,-22.16719010374219,200,0.010000000000000009,0.5431740783154965,0
131,21151,-20.089019507313825,200,0.010000000000000009,0.4863141736388206,0
132,21351,-19.608061751817342,200,0.010000000000000009,0.3997498140484095,0
133,21478,-157.59007315126547,127,0.010000000000000009,0.36387093001463283,0
134,21678,-20.520553709256852,200,0.010000000000000009,1.898189883455634,0
135,21878,-21.20055034108013,200,0.010000000000000009,1.182071822732687,0
136,22078,-15.769914936459434,200,0.010000000000000009,1.347013777643442,0
137,22126,-149.08439160155254,48,0.010000000000000009,1.137106055393815,0
138,22326,-20.90077791886107,200,0.010000000000000009,3.0661654453724623,0
139,22526,-18.65421862088013,200,0.010000000000000009,4.29096955627203,0
140,22726,-20.408627009719183,200,0.010000000000000009,2.1211178819835186,0
141,22758,-147.44364321971102,32,0.010000000000000009,0.5858841934241354,0
142,22794,-148.16934451329163,36,0.010000000000000009,1.5200499941905339,0
143,22823,-147.93507511274294,29,0.010000000000000009,3.431063022079139,0
144,22999,-161.1262933467674,176,0.010000000000000009,8.300505759533156,0
145,23199,-19.554584741139255,200,0.010000000000000009,9.093587132543325,0
146,23224,-146.29075964469558,25,0.010000000000000009,13.841874500513077,0
147,23376,-156.98739266737758,152,0.010000000000000009,11.99811229207798,0
148,23576,-15.260174193194661,200,0.010000000000000009,12.853603239357472,0
149,23776,-9.863782594215412,200,0.010000000000000009,11.385733325928449,0
150,23976,-14.764537377897835,200,0.010000000000000009,11.313048468530178,0
151,24016,-146.4002555611416,40,0.010000000000000009,11.074889563024044,0
152,24216,-15.235513892155165,200,0.010000000000000009,11.034490706920623,0
153,24416,-15.83384926092185,200,0.010000000000000009,10.401525782346726,0
154,24457,-148.508451775641,41,0.010000000000000009,10.290151466683644,0
155,24657,-20.594003395396097,200,0.010000000000000009,13.773944196999073,0
156,24696,-149.05431728480713,39,0.010000000000000009,12.446025963012989,0
157,24896,-14.848387933028437,200,0.010000000000000009,15.05269507497549,0
158,25096,-17.366063610918854,200,0.010000000000000009,14.634275915026665,0
159,25296,-20.112704372511914,200,0.010000000000000009,10.854227936565875,0
160,25458,-158.61179094537454,162,0.010000000000000009,16.39056611649784,0
161,25658,-22.36886749392464,200,0.010000000000000009,16.644450700283052,0
162,25858,-14.456751469272982,200,0.010000000000000009,15.859442047476769,0
163,26058,-16.903533582212592,200,0.010000000000000009,15.850082286000251,0
164,26258,-19.85937413990612,200,0.010000000000000009,17.976536654233932,0
165,26458,-25.05968333637523,200,0.010000000000000009,17.244596456885336,0
166,26658,-19.755249478035005,200,0.010000000000000009,12.08690143585205,0
167,26858,-23.622220377709315,200,0.010000000000000009,16.67044663488865,0
168,27058,-25.622931346183467,200,0.010000000000000009,13.803785765171051,0
169,27258,-24.263869218264166,200,0.010000000000000009,13.626103577017783,0
170,27458,-24.21210630152968,200,0.010000000000000009,13.511409080028534,0
171,27658,-26.867799476736355,200,0.010000000000000009,12.589167850017548,0
172,27858,-24.41848933495468,200,0.010000000000000009,14.434739964008331,0
173,28058,-22.61765662604708,200,0.010000000000000009,12.089628946781158,0
174,28258,-25.171627594585708,200,0.010000000000000009,17.601695962548256,0
175,28458,-24.30766865891513,200,0.010000000000000009,13.34205106139183,0
176,28658,-24.285221908206434,200,0.010000000000000009,13.214162833690644,0
177,28858,-22.35456410187228,200,0.010000000000000009,16.005195249915122,0
178,29058,-23.244225893803645,200,0.010000000000000009,14.401518709659577,0
179,29258,-25.297680548466428,200,0.010000000000000009,11.90321249961853,0
180,29458,-23.45935361556109,200,0.010000000000000009,11.93512377500534,0
181,29658,-28.195770877831396,200,0.010000000000000009,18.074685717821122,0
182,29858,-22.956481818854968,200,0.010000000000000009,16.898064177036286,0
183,30058,-19.282165766548175,200,0.010000000000000009,15.878299930095672,0
184,30258,-24.731276197382513,200,0.010000000000000009,17.797572738528253,0
185,30458,-19.367196541433017,200,0.010000000000000009,19.2530169403553,0
186,30658,-24.260798170871677,200,0.010000000000000009,15.145404864549636,0
187,30858,-24.14510293043354,200,0.010000000000000009,14.047917631864548,0
188,31058,-25.178798752452533,200,0.010000000000000009,18.079442282915114,0
189,31258,-23.33848577036526,200,0.010000000000000009,14.411729598641395,0
190,31458,-21.03393397401576,200,0.010000000000000009,14.715208324193954,0
191,31658,-24.043804894510515,200,0.010000000000000009,13.036237002015113,0
192,31858,-24.33567972529274,200,0.010000000000000009,10.047264446020126,0
193,32058,-23.91061730012137,200,0.010000000000000009,12.923144336938858,0
194,32258,-22.812142502938876,200,0.010000000000000009,11.241641126275063,0
195,32458,-20.48306438575719,200,0.010000000000000009,9.395055638551712,0
196,32658,-24.16595571845964,200,0.010000000000000009,9.907428631782532,0
197,32858,-23.07956795802723,200,0.010000000000000009,12.17021995127201,0
198,33058,-22.06469845352627,200,0.010000000000000009,6.693257392644882,0
199,33258,-23.24299068627611,200,0.010000000000000009,6.338577798604965,0
200,33458,-25.961829872088,200,0.010000000000000009,5.623346560001373,0
201,33658,-19.447717228595035,200,0.010000000000000009,4.20834545314312,0
202,33858,-20.827170615766963,200,0.010000000000000009,4.011108558773994,0
203,34058,-21.431619663405556,200,0.010000000000000009,4.693275676369667,0
204,34258,-23.618447384723574,200,0.010000000000000009,2.685402790606022,0
205,34458,-20.987839554674814,200,0.010000000000000009,3.823809107244015,0
206,34658,-21.72219556408546,200,0.010000000000000009,2.4186197245121,0
207,34858,-22.00248943983667,200,0.010000000000000009,1.6980577239394188,0
208,35058,-20.146720807594125,200,0.010000000000000009,1.2614279931783676,0
209,35258,-21.097601948468252,200,0.010000000000000009,1.7698537456989287,0
210,35458,-19.750952990235575,200,0.010000000000000009,1.3757673305273057,0
211,35658,-17.679609480852026,200,0.010000000000000009,0.6976315654814244,0
212,35858,-17.076755924527674,200,0.010000000000000009,0.5786300331354142,0
213,36058,-19.186933167030315,200,0.010000000000000009,0.5406327821314335,0
214,36258,-15.653431724961104,200,0.010000000000000009,0.46638491705060003,0
215,36458,-16.187151414465113,200,0.010000000000000009,0.42713298127055166,0
216,36658,-17.322319900863103,200,0.010000000000000009,0.4079312305152416,0
217,36858,-16.907221834310047,200,0.010000000000000009,0.3736325944960117,0
218,37058,-16.100434296822066,200,0.010000000000000009,0.37054931178689005,0
219,37258,-16.314831907840794,200,0.010000000000000009,0.35279195934534074,0
220,37458,-19.703510578129933,200,0.010000000000000009,0.3250598791986704,0
221,37658,-24.940468728550442,200,0.010000000000000009,0.33052405081689357,0
222,37858,-18.160621139183085,200,0.010000000000000009,0.31952999167144297,0
223,38058,-24.35379726150747,200,0.010000000000000009,0.3165714616328478,0
224,38258,-27.447374778070024,200,0.010000000000000009,0.30780785515904424,0
225,38458,-20.436444849631986,200,0.010000000000000009,0.30360447280108926,0
226,38658,-23.219027531228743,200,0.010000000000000009,0.31529699705541137,0
227,38858,-28.842764024205113,200,0.010000000000000009,0.3115380793809891,0
228,39058,-26.224930841639647,200,0.010000000000000009,0.32437320686876775,0
229,39258,-22.46692993284501,200,0.010000000000000009,0.3168056146800518,0
230,39458,-19.084194343937103,200,0.010000000000000009,0.29845663756132124,0
231,39658,-24.69846331467362,200,0.010000000000000009,0.2874513664096594,0
232,39858,-23.92332317986353,200,0.010000000000000009,0.27601611621677874,0
233,40058,-24.76090095810419,200,0.010000000000000009,0.2789921296387911,0
234,40258,-18.469494045555894,200,0.010000000000000009,0.269095409065485,0
235,40458,-24.65532989564809,200,0.010000000000000009,0.2522549357265234,0
236,40658,-19.00702768608316,200,0.010000000000000009,0.2519337677210569,0
237,40858,-18.689939879768286,200,0.010000000000000009,0.24504854507744311,0
238,41058,-23.201576592754517,200,0.010000000000000009,0.23607356242835523,0
239,41258,-17.667255550695188,200,0.010000000000000009,0.2202003797143698,0
240,41458,-21.81932045986587,200,0.010000000000000009,0.20881317898631097,0
241,41658,-17.22928062168535,200,0.010000000000000009,0.2108133377879858,0
242,41858,-16.965465104282988,200,0.010000000000000009,0.20143228016793727,0
243,42058,-19.89694969895755,200,0.010000000000000009,0.1928087770193815,0
244,42258,-18.685509171638234,200,0.010000000000000009,0.1869726513326168,0
245,42458,-20.572378394520438,200,0.010000000000000009,0.17394838813692332,0
246,42658,-14.881226320912686,200,0.010000000000000009,0.16736731223762036,0
247,42858,-17.51074771125202,200,0.010000000000000009,0.15436032138764857,0
248,43058,-17.652878122029204,200,0.010000000000000009,0.15295390862971545,0
249,43258,-15.998919509520766,200,0.010000000000000009,0.14679331809282303,0
250,43458,-17.39748568742554,200,0.010000000000000009,0.14176252525299787,0
251,43658,-17.721681023387816,200,0.010000000000000009,0.1356320906430483,0
252,43858,-14.565709465569999,200,0.010000000000000009,0.12711805667728185,0
253,44058,-16.713705148301276,200,0.010000000000000009,0.1246511260420084,0
254,44258,-16.13384739698347,200,0.010000000000000009,0.12112246764823795,0
255,44458,-12.904579796913126,200,0.010000000000000009,0.11886097311973572,0
256,44658,-15.238826259150672,200,0.010000000000000009,0.12040916316211224,0
257,44858,-14.877757481463245,200,0.010000000000000009,0.11413001995533704,0
258,45058,-12.668297139468196,200,0.010000000000000009,0.1117194326594472,0
259,45258,-12.395773080571448,200,0.010000000000000009,0.10562277756631375,0
260,45458,-11.427643806059105,200,0.010000000000000009,0.10076877057552337,0
261,45658,-12.145857100720194,200,0.010000000000000009,0.10755552239716053,0
262,45800,-154.13682400691337,142,0.010000000000000009,0.09962945074682504,0
263,45920,-151.8736840595998,120,0.010000000000000009,1.4815644667173424,0
264,46065,-154.38849952198606,145,0.010000000000000009,5.053938959025103,0
265,46265,-20.989476021767192,200,0.010000000000000009,6.519592678770423,0
266,46392,-152.49839969372428,127,0.010000000000000009,4.444322130107504,0
267,46470,-147.38042826907824,78,0.010000000000000009,4.114804552151607,0
268,46602,-151.91950559521564,132,0.010000000000000009,13.087211820663828,0
269,46657,-144.6156501160965,55,0.010000000000000009,15.186188877170736,0
270,46725,-145.93587330365435,68,0.010000000000000009,13.83501437394058,0
271,46925,-31.052459055928683,200,0.010000000000000009,14.904047081768512,0
272,46992,-144.9849050707719,67,0.010000000000000009,7.350074189367579,0
273,47192,-31.42124742876413,200,0.010000000000000009,16.5421208691597,0
274,47263,-153.0607915043245,71,0.010000000000000009,13.280718192668028,0
275,47463,-36.42964722767319,200,0.010000000000000009,16.32550015479326,0
276,47563,-166.71133939060687,100,0.010000000000000009,13.84767766535282,0
277,47632,-154.19787078939166,69,0.010000000000000009,26.044675735459812,0
278,47737,-176.0053156401033,105,0.010000000000000009,23.179699196134294,0
279,47937,-46.19050721047095,200,0.010000000000000009,21.5302784833312,0
280,48007,-152.88017485628168,70,0.010000000000000009,25.84423644202096,0
281,48138,-178.45478975280605,131,0.010000000000000009,19.91878650024647,0
282,48210,-154.17060952435648,72,0.010000000000000009,25.818942967388367,0
283,48410,-11.051729569352704,200,0.010000000000000009,20.841198164224625,0
284,48610,-32.09480751534493,200,0.010000000000000009,17.55356876552105,0
285,48810,-10.475627582550857,200,0.010000000000000009,21.09681208372116,0
286,48909,-167.7178903771469,99,0.010000000000000009,22.76695187886556,0
287,49109,-17.772377399225046,200,0.010000000000000009,20.71591037094593,0
288,49309,-6.636797088216322,200,0.010000000000000009,25.6350031208992,0
289,49388,-160.68307980807415,79,0.010000000000000009,21.63629380660721,0
290,49588,-10.27828712909394,200,0.010000000000000009,23.71793705880642,0
291,49773,412.01724039429564,185,0.010000000000000009,24.685878842585797,1
292,49973,-12.25160190783121,200,0.010000000000000009,30.687409130334853,0
293,50173,201.5476022926208,200,0.010000000000000009,31.16565657258034,0
294,50326,-182.2639858272758,153,0.010000000000000009,33.64653642348994,0
295,50526,-35.64263639654715,200,0.010000000000000009,38.04039733409881,0
296,50726,-24.32385545022035,200,0.010000000000000009,29.416220120191575,0
297,50802,-152.0272077109645,76,0.010000000000000009,36.5341353855635,0
298,50960,-166.51186512732625,158,0.010000000000000009,30.31641404689113,0
299,51160,-13.432725628955343,200,0.010000000000000009,35.24544154882431,0
300,51360,-16.600244039545405,200,0.010000000000000009,37.359718136787414,0
301,51560,-7.726876581649095,200,0.010000000000000009,33.589876428842544,0
302,51590,-147.86728950618743,30,0.010000000000000009,36.15360118548075,0
303,51790,200.41988300701263,200,0.010000000000000009,31.774042605161668,0
304,51990,-8.694587269938696,200,0.010000000000000009,38.465483753681184,0
305,52190,-9.988266751217967,200,0.010000000000000009,40.96531735539436,0
306,52390,-9.47701281521064,200,0.010000000000000009,44.18109322071076,0
307,52590,-8.232993892827661,200,0.010000000000000009,38.488440474271776,0
308,52790,-10.640384920025035,200,0.010000000000000009,42.4761815226078,0
309,52990,-17.224201802046267,200,0.010000000000000009,29.5813631606102,0
310,53074,-152.97855810180027,84,0.010000000000000009,34.81779444217682,0
311,53180,-155.61074502937484,106,0.010000000000000009,37.03687650302671,0
312,53380,-17.47462369138125,200,0.010000000000000009,36.783090252876285,0
313,53580,-22.854644164863494,200,0.010000000000000009,39.280834103822706,0
314,53780,-13.856020731422145,200,0.010000000000000009,39.204086834192275,0
315,53980,-26.520470455804464,200,0.010000000000000009,34.55235315799713,0
316,54180,-21.508808470283352,200,0.010000000000000009,32.90780497789383,0
317,54380,-14.789117960342484,200,0.010000000000000009,36.097396066188814,0
318,54580,-30.19172562543322,200,0.010000000000000009,29.889213074445724,0
319,54780,-22.447872538759192,200,0.010000000000000009,31.566258841753005,0
320,54980,-17.343959120121745,200,0.010000000000000009,34.24342923283577,0
321,55180,-13.497596905991527,200,0.010000000000000009,31.319679614305496,0
322,55380,-15.885684366062225,200,0.010000000000000009,29.161261932849882,0
323,55580,-18.190348218352675,200,0.010000000000000009,35.12966604948044,0
324,55780,-10.806747042438948,200,0.010000000000000009,37.604399843215944,0
325,55980,-20.995341083433825,200,0.010000000000000009,33.0229302740097,0
326,56180,-19.089387919635293,200,0.010000000000000009,31.407565445899962,0
327,56380,-12.20141908259927,200,0.010000000000000009,30.14125265479088,0
328,56580,-8.409443237450922,200,0.010000000000000009,32.68368747115135,0
329,56780,-28.080208020090033,200,0.010000000000000009,33.05268246650696,0
330,56912,-155.1897688900441,132,0.010000000000000009,24.896579019951098,0
331,57002,-151.85370509477048,90,0.010000000000000009,29.187262370851304,0
332,57202,-14.382588289854555,200,0.010000000000000009,24.44289272904396,0
333,57402,-12.515520482296798,200,0.010000000000000009,31.17789183616638,0
334,57602,-19.156425936790534,200,0.010000000000000009,26.413150172233582,0
335,57802,-17.008825853819424,200,0.010000000000000009,26.798947396278383,0
336,58002,-33.77670574628621,200,0.010000000000000009,24.76329790353775,0
337,58202,-32.0380128661065,200,0.010000000000000009,23.13361158967018,0
338,58402,-32.92949808148606,200,0.010000000000000009,29.622546253204344,0
339,58602,-34.44476666926672,200,0.010000000000000009,22.938008741140365,0
340,58802,-34.27627234152498,200,0.010000000000000009,23.089532253742217,0
341,59002,-20.738824464608143,200,0.010000000000000009,27.930337415933607,0
342,59202,197.92026597001777,200,0.010000000000000009,31.68126845598221,0
343,59402,-11.687109316681989,200,0.010000000000000009,29.18528252363205,0
344,59602,-9.321844873451084,200,0.010000000000000009,33.933887612819674,0
345,59802,-9.73446644729168,200,0.010000000000000009,30.355530548095704,0
346,59858,-150.14365883125987,56,0.010000000000000009,25.63860493046897,0
347,59973,-156.0336248119214,115,0.010000000000000009,27.40080690383911,0
348,60173,-17.03999284464111,200,0.010000000000000009,25.224106078147887,0
349,60373,-18.102694394864038,200,0.010000000000000009,19.96099650621414,0
350,60573,-17.017809399799393,200,0.010000000000000009,19.19353324174881,0
351,60773,-16.035077050023784,200,0.010000000000000009,23.78958477973938,0
352,60924,38.60027510152764,151,0.010000000000000009,23.12954648756823,0
353,61124,-13.406363934907256,200,0.010000000000000009,22.84200201034546,0
354,61324,186.06043577316396,200,0.010000000000000009,24.92305389404297,0
355,61492,-159.13419958621392,168,0.010000000000000009,25.649316344942367,0
356,61681,-164.1553263585164,189,0.010000000000000009,33.05378182224496,0
357,61881,187.5005755994756,200,0.010000000000000009,26.780264048576356,0
358,62081,-8.573826520074203,200,0.010000000000000009,28.522269585132598,0
359,62281,-17.631907633722555,200,0.010000000000000009,29.141814517974854,0
360,62481,-33.80413753491095,200,0.010000000000000009,31.79581652879715,0
361,62681,188.15886316053582,200,0.010000000000000009,32.07843861103058,0
362,62881,-16.41163118615571,200,0.010000000000000009,25.484694015979766,0
363,63062,-163.2298469397931,181,0.010000000000000009,29.419792525676073,0
364,63262,-38.837891553854504,200,0.010000000000000009,27.66561402320862,0
365,63283,-146.3461320632749,21,0.010000000000000009,37.01464877809797,0
366,63483,-36.63086654719215,200,0.010000000000000009,29.631510581970215,0
367,63516,-144.84763950774706,33,0.010000000000000009,30.774771011236943,0
368,63716,-36.181845953116955,200,0.010000000000000009,30.75548615694046,0
369,63899,-160.7077169903233,183,0.010000000000000009,32.03775650816537,0
370,63963,-150.58313417215336,64,0.010000000000000009,28.205951012670994,0
371,64000,-148.8486794436563,37,0.010000000000000009,24.81805794947856,0
372,64074,-150.99798711484195,74,0.010000000000000009,36.861727933625914,0
373,64136,-150.7027765964135,62,0.010000000000000009,44.19053399178289,0
374,64176,-143.77175502416122,40,0.010000000000000009,28.915938448905944,0
375,64256,-147.88103803609297,80,0.010000000000000009,40.48552966117859,0
376,64299,-148.76776699663353,43,0.010000000000000009,43.25978232538977,0
377,64346,-145.4483258529958,47,0.010000000000000009,44.2117782755101,0
378,64366,-146.28408825002592,20,0.010000000000000009,44.159975147247316,0
379,64401,-144.59145323035224,35,0.010000000000000009,32.90841233389718,0
380,64601,-39.676942727327884,200,0.010000000000000009,48.393987884521486,0
381,64801,-37.5211939083619,200,0.010000000000000009,39.81764259576798,0
382,65001,-15.220115802001455,200,0.010000000000000009,41.525883870124815,0
383,65021,-147.08585016078638,20,0.010000000000000009,42.38982105255127,0
384,65221,-39.99673441882095,200,0.010000000000000009,47.840919942855834,0
385,65242,-146.595595086271,21,0.010000000000000009,52.782419204711914,0
386,65301,-149.96476331598424,59,0.010000000000000009,47.195820840738584,0
387,65501,188.3134458493607,200,0.010000000000000009,43.85153754711151,0
388,65701,-14.912106760802372,200,0.010000000000000009,58.99579957962036,0
389,65901,194.29022780165215,200,0.010000000000000009,49.09336486339569,0
390,65934,-145.2059503468963,33,0.010000000000000009,38.16581104740952,0
391,65980,-145.09706281288388,46,0.010000000000000009,68.24410117190817,0
392,66180,189.8005612625816,200,0.010000000000000009,59.104617290496826,0
393,66380,190.35352499074455,200,0.010000000000000009,54.0967495393753,0
394,66580,186.57498346643862,200,0.010000000000000009,66.21794285774232,0
395,66662,-147.6239347390161,82,0.010000000000000009,52.84033615996198,0
396,66862,187.25265982929415,200,0.010000000000000009,61.08936025619507,0
397,67062,193.89746444382428,200,0.010000000000000009,70.70291336536407,0
398,67262,-9.091967216720802,200,0.010000000000000009,84.17065176963806,0
399,67462,190.1990008946956,200,0.010000000000000009,72.71653994560242,0
400,67662,191.38940197115286,200,0.010000000000000009,73.5073318719864,0
401,67862,188.14599895057424,200,0.010000000000000009,73.44967069625855,0
402,68062,192.1826630061855,200,0.010000000000000009,79.89045964241028,0
403,68215,-155.8640504955469,153,0.010000000000000009,74.96007271062315,0
404,68415,190.84731016887525,200,0.010000000000000009,87.29401678085327,0
405,68615,-10.750364101008955,200,0.010000000000000009,84.54742380142211,0
406,68815,-12.321791101263075,200,0.010000000000000009,93.25379408836365,0
407,69001,49.98690943234308,186,0.010000000000000009,85.03022855327976,0
408,69201,187.70335520889807,200,0.010000000000000009,91.11377429008483,0
409,69401,192.4360099705139,200,0.010000000000000009,91.71836525917053,0
410,69601,190.68140917152866,200,0.010000000000000009,96.69951897621155,0
411,69801,-17.13226452864151,200,0.010000000000000009,85.8745334482193,0
412,70001,-17.564461905164666,200,0.010000000000000009,95.91579942703247,0
413,70201,188.16593412051284,200,0.010000000000000009,106.7659718322754,0
414,70401,197.82383448850004,200,0.010000000000000009,92.46662352085113,0
415,70601,194.46333549070422,200,0.010000000000000009,94.41463621139526,0
416,70801,205.70184168502118,200,0.010000000000000009,109.9492739391327,0
417,71001,188.4726036565831,200,0.010000000000000009,78.5390487575531,0
418,71201,199.02445909410233,200,0.010000000000000009,104.3192255306244,0
419,71379,412.6513855124643,178,0.010000000000000009,86.38356972812267,1
420,71550,-158.779915362484,171,0.010000000000000009,90.5714855863337,0
421,71750,-7.237956626966161,200,0.010000000000000009,104.05707663536072,0
422,71950,198.7439404860138,200,0.010000000000000009,100.32003542900085,0
423,72150,199.4038225317582,200,0.010000000000000009,109.88923037528991,0
424,72350,-6.574615088095216,200,0.010000000000000009,107.443544921875,0
425,72533,-158.23270257956975,183,0.010000000000000009,91.85704480364024,0
426,72733,207.80223237278148,200,0.010000000000000009,108.95656548500061,0
427,72933,-24.639334080372272,200,0.010000000000000009,99.32352818489075,0
428,72965,-147.83833007509753,32,0.010000000000000009,104.6438068151474,0
429,73129,413.2435582405177,164,0.010000000000000009,115.2656748004076,1
430,73329,198.48596741399388,200,0.010000000000000009,109.05416404724122,0
431,73529,195.40206855323993,200,0.010000000000000009,104.13430985450745,0
432,73729,196.29043154398295,200,0.010000000000000009,100.95852027893066,0
433,73929,195.9585271377066,200,0.010000000000000009,93.34111665725707,0
434,74123,409.2675167164043,194,0.010000000000000009,109.94255258619171,1
435,74311,413.1833030111931,188,0.010000000000000009,105.58493689273266,1
436,74334,-147.12346633272765,23,0.010000000000000009,81.00120627361795,0
437,74458,55.87931208268776,124,0.010000000000000009,114.00938981579196,0
438,74658,200.59800800217607,200,0.010000000000000009,115.59983917236327,0
439,74852,409.75615874408646,194,0.010000000000000009,117.4646968448285,1
440,74881,-146.7807005970615,29,0.010000000000000009,113.42648065501245,0
441,75081,-7.718210643522587,200,0.010000000000000009,111.17222854614258,0
442,75281,-9.160321084486814,200,0.010000000000000009,119.1049150276184,0
443,75467,413.24099806176457,186,0.010000000000000009,114.91067570512013,1
444,75502,-148.5439052407303,35,0.010000000000000009,131.6713370186942,0
445,75702,205.1730862978712,200,0.010000000000000009,119.7334045791626,0
446,75866,411.8853970063845,164,0.010000000000000009,128.89182453620725,1
447,75966,59.32477510142505,100,0.010000000000000009,127.61096843719483,0
448,76166,205.43736763886636,200,0.010000000000000009,127.00264249801636,0
449,76308,416.612251056706,142,0.010000000000000009,126.38538075836611,1
450,76486,411.1080219263333,178,0.010000000000000009,134.6406084982197,1
451,76686,210.531826813173,200,0.010000000000000009,143.5244471359253,0
452,76808,416.1971020803714,122,0.010000000000000009,129.49130521055127,1
453,76827,-146.7688375318969,19,0.010000000000000009,113.05094488043534,0
454,76996,413.27546994047043,169,0.010000000000000009,142.16408003857856,1
455,77180,411.9635497509914,184,0.010000000000000009,151.15475903386655,1
456,77367,412.05308575847704,187,0.010000000000000009,150.7968865256896,1
457,77559,411.8166473901462,192,0.010000000000000009,155.49856551488242,1
458,77697,415.51710490024436,138,0.010000000000000009,164.01683290453926,1
459,77846,414.5820783081824,149,0.010000000000000009,152.12030876722912,1
460,78000,414.9512428103658,154,0.010000000000000009,157.2701187133789,1
461,78137,416.10989863287216,137,0.010000000000000009,165.83505516330692,1
462,78306,414.23763072063275,169,0.010000000000000009,163.36273459711018,1
463,78451,416.614608687578,145,0.010000000000000009,160.40025663704708,1
464,78607,415.2291167709209,156,0.010000000000000009,161.07438965332813,1
465,78754,415.12099884911765,147,0.010000000000000009,161.17369650496917,1
466,78893,415.64111336716013,139,0.010000000000000009,185.8633054006014,1
467,79044,413.9821842735828,151,0.010000000000000009,180.5903500689576,1
468,79178,416.36409611378093,134,0.010000000000000009,169.53613491912387,1
469,79303,415.9731114236391,125,0.010000000000000009,176.45950390625,1
470,79500,409.46873933789,197,0.010000000000000009,162.86792385275595,1
471,79635,414.8073866330369,135,0.010000000000000009,183.7636207297996,1
472,79835,205.78404441700044,200,0.010000000000000009,167.64334911346435,0
473,79984,415.7155788688236,149,0.010000000000000009,161.3343811547196,1
474,80131,416.5995319481341,147,0.010000000000000009,184.32493964993225,1
475,80268,417.6443681702372,137,0.010000000000000009,179.51051430806626,1
476,80309,-144.30428459548662,41,0.010000000000000009,177.02946621034204,0
477,80434,416.7175046980495,125,0.010000000000000009,165.14619958496093,1
478,80475,-144.96559737848165,41,0.010000000000000009,166.3913550027987,0
479,80615,415.08792909899853,140,0.010000000000000009,173.04622222355434,1
480,80767,413.49955499504915,152,0.010000000000000009,178.2661604128386,1
481,80929,413.5525432853666,162,0.010000000000000009,178.53335430003978,1
482,81094,414.8607077929387,165,0.010000000000000009,172.74194063128846,1
483,81225,416.6810243073708,131,0.010000000000000009,177.93085450616502,1
484,81265,-144.8737599289299,40,0.010000000000000009,177.35488586425782,0
485,81413,413.4130595404364,148,0.010000000000000009,184.64599243370262,1
486,81452,-144.94174173028213,39,0.010000000000000009,205.79201116317358,0
487,81584,416.00148964814787,132,0.010000000000000009,185.07789606036562,1
488,81746,412.32490270453775,162,0.010000000000000009,191.7003645249355,1
489,81868,416.5047662990452,122,0.010000000000000009,172.2709491291984,1
490,81988,416.6820939985027,120,0.010000000000000009,174.82093652089438,1
491,82120,416.38818771874753,132,0.010000000000000009,188.97796023975718,1
492,82245,416.8688178391861,125,0.010000000000000009,179.4521155395508,1
493,82379,416.9242089970995,134,0.010000000000000009,172.93665239704188,1
494,82502,416.3008770284014,123,0.010000000000000009,177.13058515099007,1
495,82628,416.6024029498952,126,0.010000000000000009,169.80957600427053,1
496,82754,416.9140168396407,126,0.010000000000000009,161.5695175292,1
497,82883,416.2089009873265,129,0.010000000000000009,157.55588129324505,1
498,83038,414.1799204417579,155,0.010000000000000009,161.36998453447896,1
499,83078,-145.17152788913347,40,0.010000000000000009,152.78106632232667,0
500,83235,413.3309682400626,157,0.010000000000000009,163.24804007171826,1
