Episode,Total_Steps,Reward,Ep_Steps,Epsilon,Avg_Loss,Success,Collision
1,18,-75.89762454140018,18,0.991585,0.0,0,1
2,41,-54.867162432075716,23,0.9802,0.0,0,1
3,60,-26.79645261203008,19,0.970795,0.0,0,1
4,81,-25.504216772454843,21,0.9604,0.0,0,1
5,105,-82.48996298363231,24,0.94852,0.0,0,1
6,123,-27.125603871881605,18,0.9396100000000001,0.0,0,1
7,168,-94.17445313029214,45,0.917335,0.0,0,1
8,210,-22.539847527056104,42,0.896545,0.0,0,1
9,234,-67.59710640232308,24,0.884665,0.0,0,1
10,252,-67.58633130505977,18,0.8757550000000001,0.0,0,1
11,272,-73.72384501650455,20,0.865855,0.0,0,1
12,301,-94.20411676922106,29,0.8515,0.0,0,1
13,320,-33.08082936236989,19,0.842095,0.0,0,1
14,390,-157.57629018147964,70,0.807445,0.0,0,1
15,411,-50.90233457404726,21,0.79705,0.0,0,1
16,459,-109.15583458210145,48,0.77329,0.0,0,1
17,478,-80.433500814428,19,0.763885,0.0,0,1
18,494,-66.24434143612741,16,0.755965,0.0,0,1
19,518,-67.49637744321788,24,0.744085,0.0,0,1
20,537,-82.77065417045125,19,0.73468,0.0,0,1
21,559,-15.688252503136901,22,0.7237899999999999,0.0,0,1
22,601,-97.05509716776845,42,0.7030000000000001,0.0,0,1
23,644,-91.47808333396132,43,0.6817150000000001,0.0,0,1
24,665,-85.78507960785734,21,0.6713199999999999,0.0,0,1
25,699,-66.20392912965056,34,0.65449,0.0,0,1
26,724,-24.202937748130875,25,0.642115,0.0,0,1
27,773,-145.28641449538168,49,0.6178600000000001,0.0,0,1
28,828,-103.85351697850581,55,0.590635,0.0,0,1
29,883,-117.42861121702484,55,0.56341,0.0,0,1
30,951,-159.1839595788714,68,0.5297499999999999,0.0,0,1
31,1004,-31.80126942069311,53,0.503515,0.0,0,1
32,1026,-39.39324590260713,22,0.4926250000000001,0.0,0,1
33,1048,-36.35124954462719,22,0.481735,0.0,0,1
34,1064,-45.181065633677306,16,0.473815,0.0,0,1
35,1103,-18.51964917322436,39,0.45450999999999997,0.0,0,1
36,1122,-84.60786763631695,19,0.445105,0.0,0,1
37,1160,-39.72646762990845,38,0.426295,0.0,0,1
38,1177,-78.20332351250504,17,0.41788000000000003,0.0,0,1
39,1198,-76.6404312372585,21,0.407485,0.0,0,1
40,1236,-38.29095186710636,38,0.388675,0.0,0,1
41,1275,-133.38294688127763,39,0.36937,0.0,0,1
42,1297,-43.906849830923434,22,0.35848,0.0,0,1
43,1317,-56.834149205480976,20,0.34858,0.0,0,1
44,1363,-132.98449683993658,46,0.32580999999999993,0.0,0,1
45,1383,129.09074840658374,20,0.31591,0.0,1,0
46,1419,-72.50152867716085,36,0.2980900000000001,0.0,0,1
47,1465,-65.80338996677818,46,0.27532,0.0,0,1
48,1503,-133.8721617495293,38,0.25651,65.72811508178711,0,1
49,1516,-37.48036605637472,13,0.25007500000000005,99.11732893723708,0,1
50,1556,-10.963670458787817,40,0.230275,86.91456818580627,0,1
51,1656,-19.308489477617655,100,0.18077500000000002,86.04863952636718,0,0
52,1756,-30.606948062410655,100,0.13127500000000003,76.72156845092773,0,0
53,1828,-95.40343848917277,72,0.09563500000000003,65.25503036710951,0,1
54,1848,-20.821173161922584,20,0.085735,59.70271644592285,0,1
55,1866,-85.44637628147379,18,0.07682500000000003,70.38265122307672,0,1
56,1886,-31.791626693462177,20,0.06692500000000001,60.71465950012207,0,1
57,1900,-62.63656931946683,14,0.05999500000000002,61.416093417576384,0,1
58,1968,-126.16539060782098,68,0.026334999999999997,64.72023832096772,0,1
59,2030,-132.19694550012457,62,0.010000000000000009,59.18451844492266,0,1
60,2102,-16.399532909824195,72,0.010000000000000009,53.48362345165677,0,1
61,2156,-153.10742232768945,54,0.010000000000000009,47.21212095684476,0,1
62,2184,154.45598552744244,28,0.010000000000000009,54.07574578693935,1,0
63,2214,-96.39934410475777,30,0.010000000000000009,50.82076822916667,0,1
64,2291,-143.46901947696253,77,0.010000000000000009,48.22029413495745,0,1
65,2313,-44.03092802085748,22,0.010000000000000009,42.727012634277344,0,1
66,2353,-115.44495706173369,40,0.010000000000000009,54.10757150650024,0,1
67,2403,-117.13978572019835,50,0.010000000000000009,49.656191444396974,0,1
68,2428,-80.48508453541177,25,0.010000000000000009,43.018895568847654,0,1
69,2450,-70.36133038177378,22,0.010000000000000009,54.48040060563521,0,1
70,2474,-90.46909781918247,24,0.010000000000000009,48.924919764200844,0,1
71,2498,-67.11017857457844,24,0.010000000000000009,45.45328410466512,0,1
72,2517,-46.891038424511514,19,0.010000000000000009,41.48600638540167,0,1
73,2617,-11.267863849505593,100,0.010000000000000009,41.05577273368836,0,0
74,2717,-6.63814738276454,100,0.010000000000000009,34.46027696609497,0,0
75,2817,-19.72619739677836,100,0.010000000000000009,33.54173978805542,0,0
76,2856,-37.831270675551664,39,0.010000000000000009,31.3624206445156,0,1
77,2898,-73.54307246591216,42,0.010000000000000009,27.340974240075973,0,1
78,2983,-97.5836700529791,85,0.010000000000000009,26.262601829977598,0,1
79,3019,-24.259487559625903,36,0.010000000000000009,28.786702182557846,0,1
80,3037,-44.141124586846665,18,0.010000000000000009,30.718653466966416,0,1
81,3137,-29.02736302634925,100,0.010000000000000009,27.06294948577881,0,0
82,3237,-12.658649472089254,100,0.010000000000000009,24.122647619247438,0,0
83,3337,-32.89397382440647,100,0.010000000000000009,19.973964624404907,0,0
84,3437,-38.03931533747475,100,0.010000000000000009,23.931117544174196,0,0
85,3499,-71.20455452678156,62,0.010000000000000009,18.78179197926675,0,1
86,3535,-45.10056690604124,36,0.010000000000000009,25.056878010431927,0,1
87,3635,-39.34555192858507,100,0.010000000000000009,21.49555037498474,0,0
88,3694,-78.1682836553427,59,0.010000000000000009,20.82989602169748,0,1
89,3794,-11.130408657887891,100,0.010000000000000009,17.623794536590577,0,0
90,3894,-8.861554136152474,100,0.010000000000000009,18.48007537841797,0,0
91,3994,-21.970558700645192,100,0.010000000000000009,17.16077118873596,0,0
92,4094,-15.282257599782191,100,0.010000000000000009,20.939059677124025,0,0
93,4194,-15.996531256962108,100,0.010000000000000009,19.877294902801513,0,0
94,4275,-27.952450585692727,81,0.010000000000000009,18.0887482372331,0,1
95,4296,-24.184696131036254,21,0.010000000000000009,16.666207767668226,0,1
96,4324,-26.903797026254704,28,0.010000000000000009,17.83856569017683,0,1
97,4350,-52.041912230032864,26,0.010000000000000009,15.110021701225868,0,1
98,4366,-81.51352760636502,16,0.010000000000000009,11.50974440574646,0,1
99,4387,-39.7500498936296,21,0.010000000000000009,15.393281891232444,0,1
100,4453,118.19217009881507,66,0.010000000000000009,15.522188923575662,1,0
101,4481,-21.799736566188226,28,0.010000000000000009,19.83242814881461,0,1
102,4559,-65.24083443527952,78,0.010000000000000009,19.505858219586887,0,1
103,4659,-16.735217275742862,100,0.010000000000000009,21.683456029891968,0,0
104,4670,117.53543673535638,11,0.010000000000000009,14.59995529868386,1,0
105,4730,-23.278335337740213,60,0.010000000000000009,20.380855894088747,0,1
106,4821,126.7505006581631,91,0.010000000000000009,22.834688532483447,1,0
107,4849,-69.69566697453061,28,0.010000000000000009,25.293260846819198,0,1
108,4890,-55.29541394772255,41,0.010000000000000009,27.39390589551228,0,1
109,4915,-93.55402771138972,25,0.010000000000000009,19.79635543823242,0,1
110,4941,-88.05850360777374,26,0.010000000000000009,28.51790974690364,0,1
111,4955,-42.99505086762645,14,0.010000000000000009,21.630718639918737,0,1
112,4974,-52.56914781514403,19,0.010000000000000009,23.173415284407767,0,1
113,5045,149.70732564327116,71,0.010000000000000009,23.59659614025707,1,0
114,5070,-41.55638938434287,25,0.010000000000000009,19.639446716308594,0,1
115,5120,148.72674792334536,50,0.010000000000000009,31.22963539123535,1,0
116,5183,139.601379861969,63,0.010000000000000009,36.24635027325343,1,0
117,5244,153.19367112856864,61,0.010000000000000009,38.17761167932729,1,0
118,5315,157.4023434654195,71,0.010000000000000009,42.862651516014424,1,0
119,5371,177.68276120499365,56,0.010000000000000009,38.292737994875225,1,0
120,5414,142.32135886749273,43,0.010000000000000009,38.1279235662416,1,0
121,5461,153.42170617052494,47,0.010000000000000009,44.981604332619526,1,0
122,5487,-65.13103520686008,26,0.010000000000000009,48.72688429172222,0,1
123,5515,-35.65005157087232,28,0.010000000000000009,53.58495691844395,0,1
124,5533,-30.124497273155598,18,0.010000000000000009,48.51056946648492,0,1
125,5573,166.49391395546814,40,0.010000000000000009,47.80022397041321,1,0
126,5597,-38.73156199401447,24,0.010000000000000009,43.25082508722941,0,1
127,5616,-21.326325223176575,19,0.010000000000000009,49.89281403390985,0,1
128,5642,-27.696086980060013,26,0.010000000000000009,37.15605992537279,0,1
129,5660,-28.601414681776717,18,0.010000000000000009,51.70053630405002,0,1
130,5682,-36.706363741121606,22,0.010000000000000009,42.51544952392578,0,1
131,5700,-30.44130712398425,18,0.010000000000000009,44.350974294874405,0,1
132,5745,175.2236507876582,45,0.010000000000000009,50.916816033257376,1,0
133,5764,128.72746421772592,19,0.010000000000000009,43.248973545275234,1,0
134,5864,-2.573054091055192,100,0.010000000000000009,51.40381827354431,0,0
135,5922,180.8937835246952,58,0.010000000000000009,48.97297569801067,1,0
136,5944,-29.582041134562783,22,0.010000000000000009,45.34942436218262,0,1
137,5984,169.385309082532,40,0.010000000000000009,47.266998863220216,1,0
138,6028,172.6593604741798,44,0.010000000000000009,52.28090329603715,1,0
139,6047,-32.60573230806135,19,0.010000000000000009,45.463890276457136,0,1
140,6072,-9.35912785740583,25,0.010000000000000009,51.633860473632815,0,1
141,6108,-22.44452852877738,36,0.010000000000000009,55.53407769733005,0,1
142,6125,-31.156555994654596,17,0.010000000000000009,51.33910706463982,0,1
143,6146,-26.04559293396142,21,0.010000000000000009,47.37431190127418,0,1
144,6167,-21.336686942948962,21,0.010000000000000009,60.75217537652878,0,1
145,6192,145.46690545267032,25,0.010000000000000009,55.77101707458496,1,0
146,6211,-33.073589644302146,19,0.010000000000000009,56.177723031294974,0,1
147,6237,130.82717949152192,26,0.010000000000000009,66.3599437566904,1,0
148,6254,-21.311244149065644,17,0.010000000000000009,67.89045872407802,0,1
149,6275,-25.60560164491477,21,0.010000000000000009,62.8852352868943,0,1
150,6295,-29.78991527995392,20,0.010000000000000009,56.573800277709964,0,1
151,6344,-27.119113698686153,49,0.010000000000000009,57.940804111714264,0,1
152,6364,-21.474213117814053,20,0.010000000000000009,55.98443164825439,0,1
153,6399,-26.753640567023737,35,0.010000000000000009,53.43309898376465,0,1
154,6449,-32.49025003192675,50,0.010000000000000009,43.82815322875977,0,1
155,6495,-64.3651266079442,46,0.010000000000000009,53.78713553884755,0,1
156,6595,31.987479612811963,100,0.010000000000000009,54.78128952026367,0,0
157,6608,-40.37351569851134,13,0.010000000000000009,58.10597654489371,0,1
158,6629,-32.542612322856876,21,0.010000000000000009,56.395668847220286,0,1
159,6671,-20.550929849853983,42,0.010000000000000009,54.10966836838495,0,1
160,6686,-28.270658437600368,15,0.010000000000000009,50.53068936665853,0,1
161,6748,162.5793147884564,62,0.010000000000000009,52.76801460020004,1,0
162,6764,-39.37877477808249,16,0.010000000000000009,49.46461081504822,0,1
163,6801,-11.03141410648955,37,0.010000000000000009,44.76818533201475,0,1
164,6853,-38.98529358453333,52,0.010000000000000009,51.36030666644756,0,1
165,6866,-37.00311690049152,13,0.010000000000000009,52.945343457735504,0,1
166,6894,-42.12323621137449,28,0.010000000000000009,56.610424859183176,0,1
167,6966,151.1267420304479,72,0.010000000000000009,47.92897791332669,1,0
168,6983,-53.20736171956264,17,0.010000000000000009,55.75418505949133,0,1
169,7040,143.07103355899545,57,0.010000000000000009,58.075179384465805,1,0
170,7065,-44.23413409318963,25,0.010000000000000009,59.97461296081543,0,1
171,7140,15.17074699443836,75,0.010000000000000009,56.632220560709634,0,1
172,7194,131.2079415477641,54,0.010000000000000009,57.443522135416664,1,0
173,7221,-24.298347297767016,27,0.010000000000000009,59.280384911431206,0,1
174,7278,-10.667169707812398,57,0.010000000000000009,58.01708606251499,0,1
175,7312,-27.827930269966046,34,0.010000000000000009,54.75296665640438,0,1
176,7342,-46.235280877248115,30,0.010000000000000009,58.799147542317705,0,1
177,7373,-53.917323218113545,31,0.010000000000000009,54.320650962091264,0,1
178,7458,128.25842066608413,85,0.010000000000000009,67.12231680926155,1,0
179,7510,165.68816493085126,52,0.010000000000000009,55.85690193909865,1,0
180,7574,141.16860495517489,64,0.010000000000000009,63.51923954486847,1,0
181,7594,-37.155123232233834,20,0.010000000000000009,71.47066822052003,0,1
182,7640,-2.4828370794537733,46,0.010000000000000009,66.85477862150773,0,1
183,7698,141.7753626096239,58,0.010000000000000009,65.22489975238669,1,0
184,7737,-9.48196057662625,39,0.010000000000000009,63.48516610952524,0,1
185,7790,138.97655879477549,53,0.010000000000000009,60.700306514524065,1,0
186,7808,-42.295436288376735,18,0.010000000000000009,61.37433073255751,0,1
187,7863,158.6923512575238,55,0.010000000000000009,55.67426924272017,1,0
188,7902,144.4228972566515,39,0.010000000000000009,55.78960335560334,1,0
189,7950,155.17852378624218,48,0.010000000000000009,64.49276586373647,1,0
190,8001,149.14132725789506,51,0.010000000000000009,66.6553752375584,1,0
191,8061,16.66864486375671,60,0.010000000000000009,66.01701666514079,0,1
192,8081,-42.53987150861019,20,0.010000000000000009,72.24148330688476,0,1
193,8124,154.76130561683536,43,0.010000000000000009,65.10131844808889,1,0
194,8150,-44.328281761361794,26,0.010000000000000009,63.57128568796011,0,1
195,8179,-28.679729945360695,29,0.010000000000000009,57.82089062394767,0,1
196,8219,-9.453651406058327,40,0.010000000000000009,68.68401303291321,0,1
197,8271,135.8951943587037,52,0.010000000000000009,65.27952135526218,1,0
198,8371,57.23672474530144,100,0.010000000000000009,68.27964122772217,0,0
199,8418,168.99832895965494,47,0.010000000000000009,61.08345376684311,1,0
200,8459,151.03192589762824,41,0.010000000000000009,64.40354547268007,1,0
201,8493,-49.036376427852126,34,0.010000000000000009,66.62010776295381,0,1
202,8518,-29.415280740016406,25,0.010000000000000009,70.59810989379883,0,1
203,8586,163.54388127645933,68,0.010000000000000009,71.74817388197955,1,0
204,8612,-49.52403161152845,26,0.010000000000000009,72.7308578491211,0,1
205,8654,163.71309355160236,42,0.010000000000000009,71.75206211635044,1,0
206,8690,145.2872324152679,36,0.010000000000000009,63.446366098192,1,0
207,8722,145.43821290541615,32,0.010000000000000009,71.06298589706421,1,0
208,8771,161.5526070409772,49,0.010000000000000009,71.83432076901806,1,0
209,8797,-14.070970552700139,26,0.010000000000000009,70.2806230691763,0,1
210,8833,140.69527945828665,36,0.010000000000000009,71.94078911675348,1,0
211,8873,152.54994608683734,40,0.010000000000000009,70.96313619613647,1,0
212,8906,-22.98250847993663,33,0.010000000000000009,70.79610292839281,0,1
213,8952,153.31911025745293,46,0.010000000000000009,77.67180981843367,1,0
214,9052,24.47187584180009,100,0.010000000000000009,74.41124240875244,0,0
215,9078,-16.782140365879393,26,0.010000000000000009,76.94190186720628,0,1
216,9171,-30.13894408058371,93,0.010000000000000009,73.0608149702831,0,1
217,9202,148.85209809968296,31,0.010000000000000009,76.98399857551821,1,0
218,9234,145.51176138400444,32,0.010000000000000009,73.60628771781921,1,0
219,9277,146.8100815048819,43,0.010000000000000009,78.26884105593659,1,0
220,9300,-36.9274165650017,23,0.010000000000000009,72.94521763013756,0,1
221,9330,144.50600875316505,30,0.010000000000000009,72.94295768737793,1,0
222,9353,140.95423912985336,23,0.010000000000000009,68.3429943582286,1,0
223,9453,-7.623953074384526,100,0.010000000000000009,71.0483281326294,0,0
224,9553,50.638808986184905,100,0.010000000000000009,73.03349685668945,0,0
225,9630,134.60105228646844,77,0.010000000000000009,82.4514356836096,1,0
226,9655,134.09171952204883,25,0.010000000000000009,78.53522262573242,1,0
227,9739,-27.41415422957931,84,0.010000000000000009,74.00690133231026,0,1
228,9774,-14.21482033246916,35,0.010000000000000009,77.25715168544224,0,1
229,9789,130.65402134821974,15,0.010000000000000009,82.49118372599284,1,0
230,9818,141.86880140404185,29,0.010000000000000009,65.66055995020373,1,0
231,9875,-22.43477882214202,57,0.010000000000000009,73.69135317886085,0,1
232,9939,154.0997515093604,64,0.010000000000000009,75.78529757261276,1,0
233,10002,-18.98902770637226,63,0.010000000000000009,74.34231688484313,0,1
234,10056,137.77248510019317,54,0.010000000000000009,79.2909137584545,1,0
235,10082,133.28661049491936,26,0.010000000000000009,78.36429478571965,1,0
236,10182,49.89476813985923,100,0.010000000000000009,76.83808197021484,0,0
237,10209,139.70023618431685,27,0.010000000000000009,79.41347122192383,1,0
238,10251,161.39935234776672,42,0.010000000000000009,75.82827976771763,1,0
239,10276,137.96481567595728,25,0.010000000000000009,76.8804817199707,1,0
240,10326,175.95003031943244,50,0.010000000000000009,69.56375228881836,1,0
241,10388,0.43101351022738754,62,0.010000000000000009,75.52414051178962,0,1
242,10439,169.40405532026037,51,0.010000000000000009,79.8318328109442,1,0
243,10467,136.55051664269777,28,0.010000000000000009,70.9572229385376,1,0
244,10499,144.01692906672952,32,0.010000000000000009,77.61094117164612,1,0
245,10523,131.43021803619266,24,0.010000000000000009,75.85311222076416,1,0
246,10623,25.1717173953065,100,0.010000000000000009,74.82224159240722,0,0
247,10723,19.675743330875676,100,0.010000000000000009,75.94762966156006,0,0
248,10756,153.56407179632276,33,0.010000000000000009,80.29012506658381,1,0
249,10829,-27.40311739435343,73,0.010000000000000009,77.07922164707968,0,1
250,10880,161.8106895194,51,0.010000000000000009,80.76275821760589,1,0
251,10915,151.36687696618617,35,0.010000000000000009,72.13040684291295,1,0
252,11015,24.426124228450625,100,0.010000000000000009,72.02134391784668,0,0
253,11068,155.05213715237466,53,0.010000000000000009,80.47547005707364,1,0
254,11103,141.08972313294444,35,0.010000000000000009,82.5610721043178,1,0
255,11133,140.45720910852688,30,0.010000000000000009,78.98827120463054,1,0
256,11147,116.61438019174355,14,0.010000000000000009,78.33658218383789,1,0
257,11197,-15.636260462953935,50,0.010000000000000009,77.35852355957032,0,1
258,11251,-4.916525666969768,54,0.010000000000000009,78.65206393489132,0,1
259,11278,139.04109091174797,27,0.010000000000000009,81.52517954508464,1,0
260,11333,175.84424432908827,55,0.010000000000000009,81.41714741099965,1,0
261,11355,138.26606870352236,22,0.010000000000000009,76.9426194971258,1,0
262,11383,128.53312748705403,28,0.010000000000000009,73.12055914742606,1,0
263,11405,137.59819063218902,22,0.010000000000000009,86.21669353138317,1,0
264,11428,-18.332178101447223,23,0.010000000000000009,80.0810306383216,0,1
265,11450,137.38051886967835,22,0.010000000000000009,72.5753844868053,1,0
266,11463,113.83807377984454,13,0.010000000000000009,79.33691435593825,1,0
267,11487,140.4860040714928,24,0.010000000000000009,80.34067598978679,1,0
268,11527,140.2305825191609,40,0.010000000000000009,80.44333000183106,1,0
269,11604,153.9232596522847,77,0.010000000000000009,80.0042484828404,1,0
270,11633,145.33675307863788,29,0.010000000000000009,76.92231882029566,1,0
271,11670,159.88577653665945,37,0.010000000000000009,76.69999065914669,1,0
272,11704,156.48893915682993,34,0.010000000000000009,72.00542034822352,1,0
273,11722,131.91376366837792,18,0.010000000000000009,73.23626115587022,1,0
274,11780,1.121633864881339,58,0.010000000000000009,75.3645103059966,0,1
275,11793,120.596900055454,13,0.010000000000000009,76.40534034142128,1,0
276,11819,148.73360463519555,26,0.010000000000000009,77.53359383803148,1,0
277,11858,152.6869805868166,39,0.010000000000000009,76.31852829761995,1,0
278,11885,143.87026798231105,27,0.010000000000000009,80.97149220219364,1,0
279,11908,144.74240367071886,23,0.010000000000000009,78.47675373243248,1,0
280,11968,-1.2628412483895488,60,0.010000000000000009,79.50194371541342,0,1
281,11992,143.17163300293453,24,0.010000000000000009,71.49522002538045,1,0
282,12024,157.38270916404574,32,0.010000000000000009,85.67865586280823,1,0
283,12074,18.885961976547108,50,0.010000000000000009,81.1382600402832,0,1
284,12094,115.72145732379279,20,0.010000000000000009,79.45991744995118,1,0
285,12194,134.086220754466,100,0.010000000000000009,83.75901100158691,1,0
286,12239,144.45389315418365,45,0.010000000000000009,81.171728515625,1,0
287,12293,-21.75648475111438,54,0.010000000000000009,81.10626037032516,0,1
288,12332,162.72638728540963,39,0.010000000000000009,78.22456907614684,1,0
289,12355,149.92419265248878,23,0.010000000000000009,76.4999364769977,1,0
290,12389,149.38992185827692,34,0.010000000000000009,87.17576284969554,1,0
291,12414,142.60802831650017,25,0.010000000000000009,73.38242721557617,1,0
292,12440,133.24842518406268,26,0.010000000000000009,76.78236814645621,1,0
293,12474,163.6412320098088,34,0.010000000000000009,81.67475666719325,1,0
294,12563,105.03865611633239,89,0.010000000000000009,85.59811208489236,1,0
295,12608,180.9982211279373,45,0.010000000000000009,78.56877415974935,1,0
296,12643,154.22096712890766,35,0.010000000000000009,88.50467834472656,1,0
297,12658,122.63090853281156,15,0.010000000000000009,76.41902135213216,1,0
298,12685,-61.807562373602295,27,0.010000000000000009,80.08844954879196,0,1
299,12733,183.14146428325077,48,0.010000000000000009,86.05281074841817,1,0
300,12775,173.04941894552326,42,0.010000000000000009,82.32732718331474,1,0
301,12821,139.8232711580302,46,0.010000000000000009,84.47806076381518,1,0
302,12839,131.7515954003637,18,0.010000000000000009,81.18293401930067,1,0
303,12904,144.6916441922505,65,0.010000000000000009,76.46588527972881,1,0
304,12927,150.19815299771295,23,0.010000000000000009,80.95251879484758,1,0
305,12958,5.397801813804591,31,0.010000000000000009,81.50044250488281,0,1
306,12997,158.49030757378807,39,0.010000000000000009,79.84810618865184,1,0
307,13097,52.419580708693864,100,0.010000000000000009,85.40611354827881,0,0
308,13151,3.631555600702441,54,0.010000000000000009,86.45032423513906,0,1
309,13173,138.8925706961113,22,0.010000000000000009,86.70642904801802,1,0
310,13186,-25.6671955914217,13,0.010000000000000009,85.774290231558,0,1
311,13225,154.57863928849486,39,0.010000000000000009,84.24192409026317,1,0
312,13273,-16.658048443063777,48,0.010000000000000009,84.87377166748047,0,1
313,13323,192.03822034769033,50,0.010000000000000009,85.16177871704102,1,0
314,13352,154.31428396148075,29,0.010000000000000009,85.37177539693899,1,0
315,13371,129.18442903189512,19,0.010000000000000009,89.78704874139083,1,0
316,13421,172.9680252112418,50,0.010000000000000009,87.12181144714356,1,0
317,13474,5.058847916212898,53,0.010000000000000009,81.80658851479585,0,1
318,13529,6.390801694777203,55,0.010000000000000009,85.74666255604137,0,1
319,13554,130.26449864588116,25,0.010000000000000009,91.99854385375977,1,0
320,13581,144.15446932387175,27,0.010000000000000009,92.43890691686559,1,0
321,13597,124.19422070374989,16,0.010000000000000009,86.82213830947876,1,0
322,13616,132.5706160162245,19,0.010000000000000009,92.75030035721629,1,0
323,13673,30.55646083470552,57,0.010000000000000009,90.24173000402618,0,1
324,13686,121.53308746342483,13,0.010000000000000009,80.43892904428336,1,0
325,13712,148.1974496952129,26,0.010000000000000009,88.18231538625864,1,0
326,13751,147.33780231189246,39,0.010000000000000009,85.2699585939065,1,0
327,13773,120.66473284166435,22,0.010000000000000009,94.96062452142888,1,0
328,13802,152.76485790269055,29,0.010000000000000009,87.8232852015002,1,0
329,13847,151.38006211197708,45,0.010000000000000009,91.60417904324002,1,0
330,13906,148.34220823741958,59,0.010000000000000009,88.9302672046726,1,0
331,13944,156.09122185929712,38,0.010000000000000009,88.31625968531559,1,0
332,13973,150.8430450852018,29,0.010000000000000009,84.74403644430227,1,0
333,14010,160.2423398487577,37,0.010000000000000009,87.3527267043655,1,0
334,14064,178.71269597376198,54,0.010000000000000009,89.4245100374575,1,0
335,14082,134.61552614174838,18,0.010000000000000009,87.97184626261394,1,0
336,14121,149.61612999438705,39,0.010000000000000009,86.70020030095027,1,0
337,14146,144.40251162695807,25,0.010000000000000009,88.35351547241211,1,0
338,14184,159.32529114454144,38,0.010000000000000009,89.16225975438168,1,0
339,14233,177.01477283708007,49,0.010000000000000009,85.20836008811483,1,0
340,14290,179.00440590140903,57,0.010000000000000009,84.68968173913788,1,0
341,14334,159.154278644035,44,0.010000000000000009,85.44523429870605,1,0
342,14376,170.37737942412048,42,0.010000000000000009,85.82723299662273,1,0
343,14407,143.49208681138987,31,0.010000000000000009,84.37369488131615,1,0
344,14434,137.34785956241154,27,0.010000000000000009,88.23967460349753,1,0
345,14466,158.42299475475107,32,0.010000000000000009,89.76673567295074,1,0
346,14496,150.83974356774763,30,0.010000000000000009,85.76508941650391,1,0
347,14509,-28.82972165193971,13,0.010000000000000009,102.75663581261269,0,1
348,14562,4.195194558305097,53,0.010000000000000009,91.46458794935694,0,1
349,14587,134.09926479212896,25,0.010000000000000009,100.0998291015625,1,0
350,14685,-48.64059827630371,98,0.010000000000000009,89.09883942896006,0,1
351,14737,178.48912158263067,52,0.010000000000000009,92.36441494868352,1,0
352,14783,182.99274828698066,46,0.010000000000000009,89.26119033150052,1,0
353,14806,139.34430216680903,23,0.010000000000000009,85.5246006509532,1,0
354,14847,155.8318459148928,41,0.010000000000000009,86.84730520481017,1,0
355,14911,143.36905128076032,64,0.010000000000000009,87.21320700645447,1,0
356,14944,162.1177226812615,33,0.010000000000000009,88.66505871397077,1,0
357,14955,115.174534103041,11,0.010000000000000009,85.39618474786931,1,0
358,14987,158.14046622494277,32,0.010000000000000009,88.54953122138977,1,0
359,15005,113.12947619049463,18,0.010000000000000009,84.87416818406847,1,0
360,15049,159.03308539433536,44,0.010000000000000009,88.50125139409846,1,0
361,15067,133.15642948810125,18,0.010000000000000009,89.96428595648871,1,0
362,15116,184.5042030076952,49,0.010000000000000009,89.05578948040397,1,0
363,15140,150.43149845892583,24,0.010000000000000009,86.16742928822835,1,0
364,15167,148.41623494690202,27,0.010000000000000009,84.58714577003762,1,0
365,15207,163.82203756573165,40,0.010000000000000009,90.7683032989502,1,0
366,15258,184.7706829160394,51,0.010000000000000009,85.10451829199697,1,0
367,15292,160.86546368104493,34,0.010000000000000009,90.67211487713982,1,0
368,15381,152.19340211308992,89,0.010000000000000009,88.7499730828103,1,0
369,15425,152.07066330710936,44,0.010000000000000009,86.59843271428889,1,0
370,15452,146.8167778405593,27,0.010000000000000009,85.72709881817853,1,0
371,15476,125.53409684367895,24,0.010000000000000009,84.06057977676392,1,0
372,15520,174.575091670097,44,0.010000000000000009,85.5459133494984,1,0
373,15578,2.6111011630528083,58,0.010000000000000009,87.11627414308745,0,1
374,15591,125.91671714685802,13,0.010000000000000009,92.2005104651818,1,0
375,15617,151.07220453090036,26,0.010000000000000009,89.40177829448993,1,0
376,15660,163.1438905330649,43,0.010000000000000009,83.89259586777798,1,0
377,15685,145.19898347092237,25,0.010000000000000009,85.00209411621094,1,0
378,15717,156.54781649648095,32,0.010000000000000009,81.1074208021164,1,0
379,15756,160.14739201101779,39,0.010000000000000009,83.91245064368614,1,0
380,15799,158.4679966967317,43,0.010000000000000009,85.56676846881246,1,0
381,15899,45.781497026861295,100,0.010000000000000009,83.79439262390137,0,0
382,15936,157.94894584529067,37,0.010000000000000009,82.09181532988677,1,0
383,15948,118.59060009958208,12,0.010000000000000009,95.26740964253743,1,0
384,15993,146.44118768158933,45,0.010000000000000009,85.86532380845811,1,0
385,16010,-30.963873372105763,17,0.010000000000000009,86.66722264009364,0,1
386,16053,172.386457907536,43,0.010000000000000009,84.06552265965661,1,0
387,16074,136.96057660327855,21,0.010000000000000009,82.57944978986468,1,0
388,16119,172.5302279048247,45,0.010000000000000009,84.1165761311849,1,0
389,16150,158.07828595411766,31,0.010000000000000009,80.04301957161196,1,0
390,16173,128.5495669628329,23,0.010000000000000009,79.2936487612517,1,0
391,16185,115.94316299428183,12,0.010000000000000009,82.4768664042155,1,0
392,16197,-27.100267044952968,12,0.010000000000000009,80.13569895426433,0,1
393,16209,-25.872473449332674,12,0.010000000000000009,83.37012672424316,0,1
394,16238,156.1318478778264,29,0.010000000000000009,90.32981451626482,1,0
395,16251,-27.1766889876256,13,0.010000000000000009,84.75306642972507,0,1
396,16272,139.0765214521099,21,0.010000000000000009,84.72696958269391,1,0
397,16300,140.33509688092826,28,0.010000000000000009,77.01479162488666,1,0
398,16328,-32.439543447438666,28,0.010000000000000009,82.16208471570697,0,1
399,16373,148.63136134465574,45,0.010000000000000009,82.38698213365343,1,0
400,16473,48.54937578712939,100,0.010000000000000009,78.42023670196534,0,0
401,16509,156.95699776368122,36,0.010000000000000009,80.16501246558295,1,0
402,16533,152.433183153845,24,0.010000000000000009,86.76652304331462,1,0
403,16569,162.36876605823613,36,0.010000000000000009,82.2815654542711,1,0
404,16609,169.50295484528934,40,0.010000000000000009,82.24584703445434,1,0
405,16653,-3.5608144407429023,44,0.010000000000000009,81.06794053857976,0,1
406,16683,156.3507094039441,30,0.010000000000000009,80.14171956380208,1,0
407,16702,140.91886867622492,19,0.010000000000000009,77.22701544510691,1,0
408,16746,149.88770349240235,44,0.010000000000000009,78.83276297829367,1,0
409,16764,137.63213224685035,18,0.010000000000000009,85.77047962612576,1,0
410,16810,153.66861633924225,46,0.010000000000000009,82.5647955355437,1,0
411,16838,151.49030494981514,28,0.010000000000000009,80.38997745513916,1,0
412,16860,141.30648882051918,22,0.010000000000000009,80.59094619750977,1,0
413,16888,154.62780072949846,28,0.010000000000000009,78.58224282945905,1,0
414,16912,142.0750631340361,24,0.010000000000000009,77.92069562276204,1,0
415,16930,-31.66867496482971,18,0.010000000000000009,79.33686362372504,0,1
416,16942,119.61952622017807,12,0.010000000000000009,71.67260837554932,1,0
417,16985,168.25851087277465,43,0.010000000000000009,77.33231300531432,1,0
418,17017,147.72666656633746,32,0.010000000000000009,83.02881979942322,1,0
419,17049,160.60758885977708,32,0.010000000000000009,83.36544358730316,1,0
420,17086,161.41615768400587,37,0.010000000000000009,76.69800031507337,1,0
421,17098,-27.669274964820467,12,0.010000000000000009,75.80748589833577,0,1
422,17132,148.2971577102697,34,0.010000000000000009,79.00141906738281,1,0
423,17160,136.68669622396757,28,0.010000000000000009,78.51634270804269,1,0
424,17210,162.18250290605468,50,0.010000000000000009,74.90076759338379,1,0
425,17256,173.48965855816368,46,0.010000000000000009,76.32364820397419,1,0
426,17279,140.4413510364255,23,0.010000000000000009,74.16760519276495,1,0
427,17333,193.14288717401894,54,0.010000000000000009,74.54773033989801,1,0
428,17344,121.70771788359113,11,0.010000000000000009,76.2958554354581,1,0
429,17368,143.9053459641158,24,0.010000000000000009,76.37260023752849,1,0
430,17394,136.61843504040507,26,0.010000000000000009,77.8710880279541,1,0
431,17426,148.57744323510846,32,0.010000000000000009,80.95933651924133,1,0
432,17439,122.93131556379905,13,0.010000000000000009,70.98965248694786,1,0
433,17466,151.01560276026044,27,0.010000000000000009,71.78834251121238,1,0
434,17501,159.18266756584563,35,0.010000000000000009,71.05731789725168,1,0
435,17514,-25.98233199677813,13,0.010000000000000009,76.3458589407114,0,1
436,17527,-26.758076183815795,13,0.010000000000000009,76.69241714477539,0,1
437,17543,-27.866105858369814,16,0.010000000000000009,75.59126281738281,0,1
438,17572,146.3309283899714,29,0.010000000000000009,78.59855138844458,1,0
439,17585,-27.530723451597183,13,0.010000000000000009,70.61464515099159,0,1
440,17603,132.02882409455236,18,0.010000000000000009,76.37694146898058,1,0
441,17626,137.77963540744514,23,0.010000000000000009,77.55980151632558,1,0
442,17653,-31.342093868272322,27,0.010000000000000009,78.67017279730902,0,1
443,17691,158.4913926068544,38,0.010000000000000009,78.34439508538497,1,0
444,17712,122.05335383947755,21,0.010000000000000009,83.4535402570452,1,0
445,17748,153.30760987174102,36,0.010000000000000009,70.72873115539551,1,0
446,17794,173.99238079170323,46,0.010000000000000009,77.004452580991,1,0
447,17834,158.95330550075252,40,0.010000000000000009,74.06859369277954,1,0
448,17857,-7.507884731129323,23,0.010000000000000009,73.01971601403278,0,1
449,17897,174.8494759142719,40,0.010000000000000009,74.56078653335571,1,0
450,17924,145.9450110657708,27,0.010000000000000009,74.45075013902452,1,0
451,17967,156.69138314469953,43,0.010000000000000009,71.04580209421557,1,0
452,17997,143.63539376536428,30,0.010000000000000009,73.72642593383789,1,0
453,18009,-28.02726499656909,12,0.010000000000000009,73.35341453552246,0,1
454,18048,171.05054669891888,39,0.010000000000000009,75.67706758548051,1,0
455,18080,162.73077069137804,32,0.010000000000000009,76.76975607872009,1,0
456,18122,166.97388031040137,42,0.010000000000000009,74.2196588970366,1,0
457,18165,165.2217967354487,43,0.010000000000000009,74.41546329232149,1,0
458,18182,-21.590050845811348,17,0.010000000000000009,72.15863239063935,0,1
459,18217,165.68713124749763,35,0.010000000000000009,74.12403891427176,1,0
460,18251,154.3928501365279,34,0.010000000000000009,72.27329882453469,1,0
461,18264,-26.704755776992062,13,0.010000000000000009,76.50948187021109,0,1
462,18279,-25.135588534872984,15,0.010000000000000009,71.0069969177246,0,1
463,18296,-31.908071451694692,17,0.010000000000000009,78.33718692555146,0,1
464,18314,-30.697988506269162,18,0.010000000000000009,73.73631307813856,0,1
465,18335,137.28605157278895,21,0.010000000000000009,78.94781657627651,1,0
466,18358,-26.572405533614535,23,0.010000000000000009,75.23237344493036,0,1
467,18413,38.51687430286843,55,0.010000000000000009,77.02882100885564,0,1
468,18453,174.28771013589414,40,0.010000000000000009,75.9472770690918,1,0
469,18474,142.1486116263992,21,0.010000000000000009,80.69368671235584,1,0
470,18505,148.0845839057533,31,0.010000000000000009,72.12616151379001,1,0
471,18523,127.48221270167105,18,0.010000000000000009,78.34748946295844,1,0
472,18564,167.64380387334128,41,0.010000000000000009,77.11289112742354,1,0
473,18585,141.2590750220354,21,0.010000000000000009,75.3647113981701,1,0
474,18629,178.53781370046195,44,0.010000000000000009,77.52106701244007,1,0
475,18645,129.18495230093043,16,0.010000000000000009,72.99776554107666,1,0
476,18689,149.95970296595556,44,0.010000000000000009,77.84749689969149,1,0
477,18716,152.30611983750768,27,0.010000000000000009,74.06136519820602,1,0
478,18743,150.92338873279985,27,0.010000000000000009,75.87878078884549,1,0
479,18787,188.59826213271987,44,0.010000000000000009,78.20927021720193,1,0
480,18808,145.21114758494372,21,0.010000000000000009,72.7754414876302,1,0
481,18834,154.94504027508586,26,0.010000000000000009,72.41803433344914,1,0
482,18853,140.53156271014836,19,0.010000000000000009,75.60414424695466,1,0
483,18871,-31.84203006359192,18,0.010000000000000009,74.66575792100694,0,1
484,18883,-28.250277801979983,12,0.010000000000000009,66.01836363474528,0,1
485,18900,-33.73301342938542,17,0.010000000000000009,78.09894225176643,0,1
486,18917,-30.8686131631279,17,0.010000000000000009,73.21279211605297,0,1
487,18960,171.17682681277273,43,0.010000000000000009,71.91111471486646,1,0
488,18996,164.62080601677852,36,0.010000000000000009,72.58973979949951,1,0
489,19007,-28.048480185236997,11,0.010000000000000009,73.53078252618963,0,1
490,19036,138.5274375647664,29,0.010000000000000009,71.03821011247307,1,0
491,19057,141.33366004579682,21,0.010000000000000009,77.74770664033436,1,0
492,19069,-27.60896165497644,12,0.010000000000000009,70.98095989227295,0,1
493,19109,172.57948562236783,40,0.010000000000000009,68.97767543792725,1,0
494,19132,145.76943528218808,23,0.010000000000000009,74.71777542777683,1,0
495,19145,125.25212303426915,13,0.010000000000000009,72.71422752967247,1,0
496,19166,147.31523586725774,21,0.010000000000000009,74.43184516543434,1,0
497,19196,153.48628038281117,30,0.010000000000000009,75.22544657389322,1,0
498,19221,132.4411330847151,25,0.010000000000000009,72.49109909057617,1,0
499,19258,168.9453927785034,37,0.010000000000000009,72.24575774734085,1,0
500,19269,114.9447888743102,11,0.010000000000000009,78.77398161454634,1,0
501,19286,135.24674404912201,17,0.010000000000000009,68.23721448112937,1,0
502,19309,146.31938133525378,23,0.010000000000000009,67.22963482400645,1,0
503,19329,143.06021292327452,20,0.010000000000000009,71.94053020477295,1,0
504,19347,-22.69013516720762,18,0.010000000000000009,71.59269290500217,0,1
505,19385,163.02346003473917,38,0.010000000000000009,68.98746500517193,1,0
506,19403,133.43938085540208,18,0.010000000000000009,62.11895455254449,1,0
507,19420,-32.90798121110842,17,0.010000000000000009,72.71899279426125,0,1
508,19443,142.86119163784699,23,0.010000000000000009,71.988804526951,1,0
509,19464,136.64991271063855,21,0.010000000000000009,70.65891738164993,1,0
510,19506,158.20204370871863,42,0.010000000000000009,69.90701421101888,1,0
511,19527,137.6445043421624,21,0.010000000000000009,74.39336849394299,1,0
512,19568,-4.3935382573029,41,0.010000000000000009,71.07702422723537,0,1
513,19580,-27.630413476564385,12,0.010000000000000009,73.75412019093831,0,1
514,19611,155.873089962758,31,0.010000000000000009,79.00272393995716,1,0
515,19636,150.54082118679503,25,0.010000000000000009,74.50988082885742,1,0
516,19681,184.38315130794547,45,0.010000000000000009,71.16524971856012,1,0
517,19715,162.7811348318753,34,0.010000000000000009,71.21421028585995,1,0
518,19746,153.99716105590204,31,0.010000000000000009,74.92634902461883,1,0
519,19779,142.42282220520525,33,0.010000000000000009,71.17701744310784,1,0
520,19798,118.4065354602201,19,0.010000000000000009,73.8902423256322,1,0
521,19838,159.7410612101358,40,0.010000000000000009,67.58202619552613,1,0
522,19857,116.9397597184548,19,0.010000000000000009,67.6384193018863,1,0
523,19898,161.34444634916937,41,0.010000000000000009,68.26368536600252,1,0
524,19923,142.19423067895306,25,0.010000000000000009,65.6924331665039,1,0
525,19963,168.84436414154192,40,0.010000000000000009,67.42053756713867,1,0
526,19989,147.4080117786014,26,0.010000000000000009,66.54604412959172,1,0
527,20005,-31.195526596725728,16,0.010000000000000009,68.43009209632874,0,1
528,20027,-9.690808155221731,22,0.010000000000000009,75.79596710205078,0,1
529,20045,-34.0531151044561,18,0.010000000000000009,76.66374884711371,0,1
530,20077,156.42148258122052,32,0.010000000000000009,76.06747734546661,1,0
531,20114,161.57613990258363,37,0.010000000000000009,80.10806047594225,1,0
532,20151,159.3946734518252,37,0.010000000000000009,76.31687143686655,1,0
533,20168,129.72211768646332,17,0.010000000000000009,72.2116403018727,1,0
534,20200,159.87209365325992,32,0.010000000000000009,70.57713723182678,1,0
535,20212,-28.882546644155884,12,0.010000000000000009,66.35848840077718,0,1
536,20235,144.71282975204952,23,0.010000000000000009,76.12191639775816,1,0
537,20260,151.2667276298352,25,0.010000000000000009,78.21865661621094,1,0
538,20297,167.93649385825094,37,0.010000000000000009,73.6322092623324,1,0
539,20316,133.18139183636146,19,0.010000000000000009,71.96130090010793,1,0
540,20343,-25.73610891583224,27,0.010000000000000009,72.41990944191262,0,1
541,20356,-27.994362484634436,13,0.010000000000000009,70.3410175030048,0,1
542,20378,146.6392265928896,22,0.010000000000000009,67.18508564342152,1,0
543,20405,147.3822665464271,27,0.010000000000000009,71.10540418271665,1,0
544,20437,164.04343697755309,32,0.010000000000000009,78.09302031993866,1,0
545,20472,165.29068280617747,35,0.010000000000000009,70.60167661394392,1,0
546,20528,-23.615140611330492,56,0.010000000000000009,76.69093241010394,0,1
547,20553,132.80163885618916,25,0.010000000000000009,73.65537078857422,1,0
548,20588,155.48095660203384,35,0.010000000000000009,81.02852085658482,1,0
549,20613,137.0738415946965,25,0.010000000000000009,79.51362319946288,1,0
550,20632,133.27402979809102,19,0.010000000000000009,78.00278432745682,1,0
551,20663,149.87822335793788,31,0.010000000000000009,75.60149875763923,1,0
552,20678,-24.07371475285627,15,0.010000000000000009,83.96271158854167,0,1
553,20700,-14.34707807003555,22,0.010000000000000009,68.80531883239746,0,1
554,20721,134.3621082168685,21,0.010000000000000009,73.86659931001209,1,0
555,20760,171.8445500261614,39,0.010000000000000009,76.26503068972856,1,0
556,20792,156.38091027867165,32,0.010000000000000009,71.72035813331604,1,0
557,20832,172.79198632001626,40,0.010000000000000009,73.62343912124634,1,0
558,20861,152.26667485462718,29,0.010000000000000009,69.30649172026536,1,0
559,20901,169.3691757056334,40,0.010000000000000009,78.40045385360717,1,0
560,20932,154.2508224835056,31,0.010000000000000009,68.16033984768775,1,0
561,20946,118.47208471754816,14,0.010000000000000009,69.75624656677246,1,0
562,20971,-15.217717525391883,25,0.010000000000000009,74.26796127319336,0,1
563,21008,164.64622836520527,37,0.010000000000000009,74.39250904804952,1,0
564,21044,163.92919816668405,36,0.010000000000000009,82.29337353176541,1,0
565,21066,137.8425938441763,22,0.010000000000000009,78.58983612060547,1,0
566,21075,115.81416093507299,9,0.010000000000000009,97.85138871934679,1,0
567,21099,-10.932831720558909,24,0.010000000000000009,71.88470236460368,0,1
568,21123,130.107121723119,24,0.010000000000000009,77.59909868240356,1,0
569,21148,-20.112923142975827,25,0.010000000000000009,77.81097137451172,0,1
570,21176,152.77664422183705,28,0.010000000000000009,76.22329453059605,1,0
571,21225,147.7865410587511,49,0.010000000000000009,75.85918496579541,1,0
572,21258,151.25511633018144,33,0.010000000000000009,78.36255114006273,1,0
573,21285,151.91183461320782,27,0.010000000000000009,84.55747731526692,1,0
574,21317,156.3367264742846,32,0.010000000000000009,77.73254072666168,1,0
575,21365,182.2525572957838,48,0.010000000000000009,74.72481989860535,1,0
576,21399,142.82436556153488,34,0.010000000000000009,78.4945364559398,1,0
577,21444,169.37460474903838,45,0.010000000000000009,70.83267610338,1,0
578,21478,161.97612722717707,34,0.010000000000000009,78.40357477524701,1,0
579,21487,113.09996389880732,9,0.010000000000000009,73.6564826965332,1,0
580,21529,161.11017747392273,42,0.010000000000000009,78.8422737121582,1,0
581,21556,132.2738931150444,27,0.010000000000000009,83.09621344672308,1,0
582,21587,146.4196548708975,31,0.010000000000000009,74.3277573124055,1,0
583,21616,151.57365342921568,29,0.010000000000000009,78.57753898357522,1,0
584,21629,113.66208859152076,13,0.010000000000000009,75.24205017089844,1,0
585,21646,134.9099197886977,17,0.010000000000000009,76.17433951882755,1,0
586,21677,143.78961559179322,31,0.010000000000000009,77.87800770421183,1,0
587,21713,166.77356382109338,36,0.010000000000000009,73.42841180165608,1,0
588,21759,155.8789616352799,46,0.010000000000000009,76.21603932587996,1,0
589,21809,186.7135501294528,50,0.010000000000000009,69.77442977905274,1,0
590,21823,125.715490518725,14,0.010000000000000009,72.46524974278041,1,0
591,21851,152.63860608836265,28,0.010000000000000009,73.13758604867118,1,0
592,21878,148.12855369469696,27,0.010000000000000009,76.3612815009223,1,0
593,21918,163.9585939878608,40,0.010000000000000009,74.6238242149353,1,0
594,21955,166.36883550912862,37,0.010000000000000009,73.12406271857185,1,0
595,21984,142.63085445690172,29,0.010000000000000009,74.12713649355132,1,0
596,22005,144.25800725091725,21,0.010000000000000009,78.75627971830822,1,0
597,22036,153.61493446764263,31,0.010000000000000009,87.42719170355028,1,0
598,22076,165.167134701359,40,0.010000000000000009,83.57012872695923,1,0
599,22119,163.0195687209549,43,0.010000000000000009,84.4162352805914,1,0
600,22152,149.02744725178508,33,0.010000000000000009,86.31688909819631,1,0
601,22183,145.9212359398004,31,0.010000000000000009,78.87266331334268,1,0
602,22210,-15.892958725757367,27,0.010000000000000009,85.248718685574,0,1
603,22234,145.5294611081765,24,0.010000000000000009,91.01215998331706,1,0
604,22275,164.18706056999463,41,0.010000000000000009,75.8647687028094,1,0
605,22296,122.6626805335708,21,0.010000000000000009,85.92186737060547,1,0
606,22330,163.34962564205273,34,0.010000000000000009,85.98491107716279,1,0
607,22371,162.45339907484066,41,0.010000000000000009,79.40118026733398,1,0
608,22392,138.17018011483466,21,0.010000000000000009,75.26647785731724,1,0
609,22416,150.80361339261975,24,0.010000000000000009,73.44930903116862,1,0
610,22436,143.16190446786658,20,0.010000000000000009,72.74953289031983,1,0
611,22469,155.5064324881826,33,0.010000000000000009,75.83452155373313,1,0
612,22508,154.7160090002259,39,0.010000000000000009,78.46200180053711,1,0
613,22536,141.2225717412667,28,0.010000000000000009,80.99797984531948,1,0
614,22556,138.3724948907916,20,0.010000000000000009,84.06951522827148,1,0
615,22592,169.74952088639196,36,0.010000000000000009,82.28561454349094,1,0
616,22651,-46.48823779131063,59,0.010000000000000009,88.52182924949517,0,1
617,22682,147.61461565645192,31,0.010000000000000009,86.28965476251417,1,0
618,22718,166.52967139151755,36,0.010000000000000009,81.32957130008273,1,0
619,22757,156.0847976910416,39,0.010000000000000009,86.40531442104242,1,0
620,22797,170.16148916397097,40,0.010000000000000009,83.95427293777466,1,0
621,22845,144.09687817784464,48,0.010000000000000009,77.17864839235942,1,0
622,22884,169.8446134593451,39,0.010000000000000009,81.55244416456956,1,0
623,22922,151.0782654699538,38,0.010000000000000009,81.1654812662225,1,0
624,22959,162.07709740439807,37,0.010000000000000009,79.61821911786053,1,0
625,22984,146.1162597591579,25,0.010000000000000009,76.91029739379883,1,0
626,23027,177.6025026363198,43,0.010000000000000009,81.32069698599882,1,0
627,23073,174.35457156548216,46,0.010000000000000009,76.48239815753439,1,0
628,23117,168.1187736181658,44,0.010000000000000009,77.48353351246227,1,0
629,23139,144.81366733879355,22,0.010000000000000009,76.80012113397771,1,0
630,23159,142.4473407667683,20,0.010000000000000009,84.32891807556152,1,0
631,23209,189.14410975323256,50,0.010000000000000009,80.98280410766601,1,0
632,23232,-31.268223853249637,23,0.010000000000000009,75.6598192297894,0,1
633,23276,177.7957509163683,44,0.010000000000000009,80.04116561196066,1,0
634,23307,154.86628296910348,31,0.010000000000000009,81.90097599644815,1,0
635,23360,144.14748051213644,53,0.010000000000000009,78.98680848895378,1,0
636,23406,166.14733466562308,46,0.010000000000000009,81.72467032722805,1,0
637,23428,137.50975468241973,22,0.010000000000000009,81.5864595933394,1,0
638,23464,164.720377297496,36,0.010000000000000009,78.75384860568576,1,0
639,23499,144.98388610097714,35,0.010000000000000009,78.31284899030413,1,0
640,23537,160.24594328094278,38,0.010000000000000009,75.83115587736431,1,0
641,23567,151.6750328100169,30,0.010000000000000009,73.44098243713378,1,0
642,23581,121.47036167352351,14,0.010000000000000009,82.84153965541294,1,0
643,23618,146.02782409396517,37,0.010000000000000009,76.7382448557261,1,0
644,23680,167.64865007941677,62,0.010000000000000009,75.69891751197076,1,0
645,23701,134.02004293373926,21,0.010000000000000009,76.8420037769136,1,0
646,23710,115.27372188074456,9,0.010000000000000009,70.46057425604926,1,0
647,23759,183.7236545740156,49,0.010000000000000009,75.09865671274613,1,0
648,23798,159.1652630538596,39,0.010000000000000009,70.98967156043419,1,0
649,23811,-27.747917470290762,13,0.010000000000000009,78.65964537400465,0,1
650,23880,-37.89562566391811,69,0.010000000000000009,76.12977351313052,0,1
651,23927,145.9228698705418,47,0.010000000000000009,74.07785732188124,1,0
652,23996,-21.64020384925611,69,0.010000000000000009,76.36071655715722,0,1
653,24005,113.27290951121222,9,0.010000000000000009,76.21486197577582,1,0
654,24044,158.347836959477,39,0.010000000000000009,85.72670501317734,1,0
655,24070,148.29812616515193,26,0.010000000000000009,83.06448789743277,1,0
656,24129,17.68186762992086,59,0.010000000000000009,80.44182147009899,0,1
657,24177,183.74406119282492,48,0.010000000000000009,76.09942309061687,1,0
658,24205,135.9405089089059,28,0.010000000000000009,80.76264490400042,1,0
659,24243,154.85880905676697,38,0.010000000000000009,87.62840391460217,1,0
660,24270,154.58644400579706,27,0.010000000000000009,78.43506749471028,1,0
661,24288,-38.1568491656781,18,0.010000000000000009,88.4242312113444,0,1
662,24304,126.02970120643019,16,0.010000000000000009,87.3495442867279,1,0
663,24345,171.31533970091562,41,0.010000000000000009,77.72504155228778,1,0
664,24387,134.32184535975546,42,0.010000000000000009,75.54737872169132,1,0
665,24428,166.31958851509742,41,0.010000000000000009,85.99678486149486,1,0
666,24449,137.74322731182923,21,0.010000000000000009,77.1039054507301,1,0
667,24477,140.42554810693966,28,0.010000000000000009,76.1999923161098,1,0
668,24507,141.8027020516793,30,0.010000000000000009,83.12096290588379,1,0
669,24556,184.1419838565783,49,0.010000000000000009,87.3332879981216,1,0
670,24596,164.04560326473853,40,0.010000000000000009,86.60183963775634,1,0
671,24625,158.1962174028629,29,0.010000000000000009,86.55144119262695,1,0
672,24647,142.72024081673484,22,0.010000000000000009,80.44201729514383,1,0
673,24675,148.94023561974433,28,0.010000000000000009,81.92524365016392,1,0
674,24685,119.21814446065304,10,0.010000000000000009,81.78886566162109,1,0
675,24726,163.7285229685654,41,0.010000000000000009,86.51143664848513,1,0
676,24747,113.14797309334827,21,0.010000000000000009,82.4469985961914,1,0
677,24773,128.768181613292,26,0.010000000000000009,87.86139899033766,1,0
678,24801,-17.37160906676759,28,0.010000000000000009,86.03638662610736,0,1
679,24823,144.8040796115644,22,0.010000000000000009,81.90293953635476,1,0
680,24847,144.39668568782787,24,0.010000000000000009,79.00486262639363,1,0
681,24892,178.65460759693465,45,0.010000000000000009,81.9776481628418,1,0
682,24917,131.03796691979056,25,0.010000000000000009,85.58610092163086,1,0
683,24942,-42.8626966451334,25,0.010000000000000009,89.74761596679687,0,1
684,25002,-18.024617431265483,60,0.010000000000000009,82.48105754852295,0,1
685,25027,144.0908631081326,25,0.010000000000000009,92.80003814697265,1,0
686,25064,170.1675493262236,37,0.010000000000000009,87.40672096046242,1,0
687,25087,135.82415213323839,23,0.010000000000000009,88.82243894494098,1,0
688,25116,141.3929578880611,29,0.010000000000000009,92.84821161730537,1,0
689,25127,113.3739814887944,11,0.010000000000000009,105.45765547318892,1,0
690,25192,159.63899302206283,65,0.010000000000000009,91.4293190589318,1,0
691,25217,149.2145862448226,25,0.010000000000000009,90.7904116821289,1,0
692,25239,139.72621550934403,22,0.010000000000000009,93.53377376903187,1,0
693,25265,148.2729727651478,26,0.010000000000000009,87.80614236684946,1,0
694,25309,182.88344989668343,44,0.010000000000000009,80.77591540596701,1,0
695,25338,137.3362169528699,29,0.010000000000000009,86.18286908906082,1,0
696,25355,130.22040274489274,17,0.010000000000000009,84.64651264863856,1,0
697,25379,127.05548041793726,24,0.010000000000000009,85.90029001235962,1,0
698,25411,150.07737231100705,32,0.010000000000000009,75.28965556621552,1,0
699,25460,182.5813096543194,49,0.010000000000000009,82.72855727526607,1,0
700,25482,141.3853637480663,22,0.010000000000000009,88.93588742342862,1,0
701,25517,159.8279082669957,35,0.010000000000000009,92.13630556379046,1,0
702,25539,146.09413335609986,22,0.010000000000000009,82.54694539850408,1,0
703,25580,171.4334640274613,41,0.010000000000000009,85.00899580048352,1,0
704,25623,173.04422254874862,43,0.010000000000000009,86.05080733188363,1,0
705,25657,160.16709282907297,34,0.010000000000000009,85.24864757762236,1,0
706,25715,158.7139737267088,58,0.010000000000000009,87.35671306478567,1,0
707,25747,144.5276705661312,32,0.010000000000000009,77.92581582069397,1,0
708,25761,119.89539507900574,14,0.010000000000000009,80.56298528398786,1,0
709,25789,154.18900776318682,28,0.010000000000000009,80.90980652400425,1,0
710,25809,140.0746335054712,20,0.010000000000000009,77.80356006622314,1,0
711,25833,148.69689071527165,24,0.010000000000000009,78.95589764912923,1,0
712,25849,118.54789284909069,16,0.010000000000000009,86.01885461807251,1,0
713,25862,118.12515264779928,13,0.010000000000000009,80.03599020150992,1,0
714,25882,136.02396620975037,20,0.010000000000000009,72.17377891540528,1,0
715,25925,150.1315521885218,43,0.010000000000000009,83.13934831841047,1,0
716,25958,156.39660464544028,33,0.010000000000000009,81.21921504627575,1,0
717,25987,137.0303573451116,29,0.010000000000000009,73.72731886238887,1,0
718,26011,140.17119968134554,24,0.010000000000000009,86.85741329193115,1,0
719,26019,113.51690211953013,8,0.010000000000000009,89.12729549407959,1,0
720,26064,156.2448946168897,45,0.010000000000000009,88.1904564751519,1,0
721,26105,152.92151825481238,41,0.010000000000000009,85.5875869378811,1,0
722,26153,179.4343300883694,48,0.010000000000000009,91.73314420382182,1,0
723,26181,136.976065116573,28,0.010000000000000009,82.03571769169399,1,0
724,26199,131.10113899797068,18,0.010000000000000009,79.32289738125272,1,0
725,26251,166.6641509050148,52,0.010000000000000009,83.78345328110915,1,0
726,26275,143.8965096206381,24,0.010000000000000009,73.67854833602905,1,0
727,26333,102.94910746860442,58,0.010000000000000009,83.69197595530542,1,0
728,26354,141.84858231535443,21,0.010000000000000009,84.13870384579613,1,0
729,26384,158.63168429473347,30,0.010000000000000009,76.22699228922527,1,0
730,26482,158.22803060360707,98,0.010000000000000009,82.28047082862075,1,0
731,26529,-3.0254293091143083,47,0.010000000000000009,82.85652996631379,0,1
732,26541,-32.00367755487654,12,0.010000000000000009,72.26959864298503,0,1
733,26555,121.10019197786394,14,0.010000000000000009,91.54041344778878,1,0
734,26573,137.51958583568256,18,0.010000000000000009,79.61726909213596,1,0
735,26616,-26.58221352952641,43,0.010000000000000009,78.45423143963481,0,1
736,26647,145.0233180549838,31,0.010000000000000009,81.27907574561334,1,0
737,26683,144.41459452266676,36,0.010000000000000009,84.43632793426514,1,0
738,26707,-19.82424817136753,24,0.010000000000000009,80.93405055999756,0,1
739,26802,-17.688897198682817,95,0.010000000000000009,82.5018281233938,0,1
740,26828,140.14209023844103,26,0.010000000000000009,84.71079562260554,1,0
741,26853,-24.209208650826042,25,0.010000000000000009,86.40944137573243,0,1
742,26874,135.728056779702,21,0.010000000000000009,80.57948721022834,1,0
743,26903,150.93314894660233,29,0.010000000000000009,85.47077271033977,1,0
744,26922,132.88037089319087,19,0.010000000000000009,89.37617432443719,1,0
745,26967,176.4896801662747,45,0.010000000000000009,82.81659673055013,1,0
746,27004,162.42238728314683,37,0.010000000000000009,81.43805632720122,1,0
747,27061,15.678236792438597,57,0.010000000000000009,79.58629762080677,0,1
748,27087,133.75220181000367,26,0.010000000000000009,80.57336895282452,1,0
749,27116,157.82865896213445,29,0.010000000000000009,77.70576740133352,1,0
750,27136,140.0905601140846,20,0.010000000000000009,76.30644931793213,1,0
751,27157,-31.71976005421531,21,0.010000000000000009,76.31326094127837,0,1
752,27188,143.95653780552016,31,0.010000000000000009,75.10652394448557,1,0
753,27226,-34.06150194415213,38,0.010000000000000009,75.30985300164474,0,1
754,27256,-49.99875539146141,30,0.010000000000000009,75.78440119425456,0,1
755,27299,169.1348462312452,43,0.010000000000000009,82.80523947782295,1,0
756,27329,156.18299529930715,30,0.010000000000000009,80.61594276428222,1,0
757,27382,9.994653863535987,53,0.010000000000000009,73.0941208893398,0,1
758,27404,139.84524734508275,22,0.010000000000000009,74.01984734968705,1,0
759,27440,164.651613615889,36,0.010000000000000009,78.27722549438477,1,0
760,27476,163.1969315537595,36,0.010000000000000009,78.64688301086426,1,0
761,27489,129.16262535244257,13,0.010000000000000009,89.7518419119028,1,0
762,27508,128.9722023659898,19,0.010000000000000009,71.03991980301707,1,0
763,27532,-30.36237912546617,24,0.010000000000000009,81.84523979822795,0,1
764,27579,163.29910428314685,47,0.010000000000000009,81.54347431913335,1,0
765,27608,141.75405282134105,29,0.010000000000000009,75.73464689583614,1,0
766,27633,148.48659898123543,25,0.010000000000000009,79.94150711059571,1,0
767,27654,144.43358767119497,21,0.010000000000000009,67.42864281790597,1,0
768,27697,19.843522777506337,43,0.010000000000000009,76.37590550267419,0,1
769,27718,-14.957399189897295,21,0.010000000000000009,79.46077237810407,0,1
770,27761,167.609439041415,43,0.010000000000000009,69.94472787546557,1,0
771,27790,162.46553822286452,29,0.010000000000000009,74.0078423598717,1,0
772,27803,116.40628478794613,13,0.010000000000000009,72.86622590285081,1,0
773,27832,159.16469281855626,29,0.010000000000000009,74.51783699824892,1,0
774,27865,166.7397889748521,33,0.010000000000000009,74.45916505293413,1,0
775,27900,141.05199406660853,35,0.010000000000000009,65.83310721261161,1,0
776,27932,154.3363646462048,32,0.010000000000000009,65.59896099567413,1,0
777,27965,149.27424466838931,33,0.010000000000000009,74.70275058168353,1,0
778,27991,133.7418495276548,26,0.010000000000000009,72.97361887418307,1,0
779,28014,-15.793644861184738,23,0.010000000000000009,78.13918984454611,0,1
780,28035,137.00717604401717,21,0.010000000000000009,90.80188315255302,1,0
781,28069,162.41215644883346,34,0.010000000000000009,78.60683463601505,1,0
782,28107,165.05455703361218,38,0.010000000000000009,85.96266405205978,1,0
783,28131,144.13678349359,24,0.010000000000000009,80.5404356320699,1,0
784,28167,148.51024992145807,36,0.010000000000000009,76.75662242041693,1,0
785,28194,136.90716683303367,27,0.010000000000000009,70.08999012134693,1,0
786,28261,188.61873773160906,67,0.010000000000000009,78.90778720912648,1,0
787,28295,148.0172700663852,34,0.010000000000000009,80.69636681500603,1,0
788,28341,177.18641918966085,46,0.010000000000000009,72.90870500647503,1,0
789,28383,174.51998251212933,42,0.010000000000000009,77.60106123061408,1,0
790,28404,143.26627478705333,21,0.010000000000000009,76.43070874895368,1,0
791,28418,121.69156070605001,14,0.010000000000000009,67.2047119140625,1,0
792,28454,153.293787134988,36,0.010000000000000009,71.6726737552219,1,0
793,28499,182.5423109490241,45,0.010000000000000009,65.83548668755425,1,0
794,28552,16.756949696877584,53,0.010000000000000009,82.98387484280568,0,1
795,28580,148.12124983929223,28,0.010000000000000009,78.3091903414045,1,0
796,28598,138.07376020094205,18,0.010000000000000009,87.1157923804389,1,0
797,28630,155.83142090685882,32,0.010000000000000009,79.25336515903473,1,0
798,28672,155.54607958695988,42,0.010000000000000009,81.38278034755162,1,0
799,28712,164.08558326211315,40,0.010000000000000009,71.91653633117676,1,0
800,28746,145.38620047113554,34,0.010000000000000009,75.79592816969928,1,0
801,28778,150.9203885889914,32,0.010000000000000009,77.12280642986298,1,0
802,28802,151.080509973964,24,0.010000000000000009,75.97429688771565,1,0
803,28847,164.28786422245193,45,0.010000000000000009,79.78194071451823,1,0
804,28890,143.61672535038295,43,0.010000000000000009,73.95034151299055,1,0
805,28941,183.23198600165887,51,0.010000000000000009,72.58689454022576,1,0
806,28979,157.58469868810792,38,0.010000000000000009,69.78906912552684,1,0
807,29025,136.24700472298878,46,0.010000000000000009,68.36618108334748,1,0
808,29072,189.82262208632804,47,0.010000000000000009,72.27968151011366,1,0
809,29111,138.98567344644403,39,0.010000000000000009,67.68921925471379,1,0
810,29154,160.04540181534568,43,0.010000000000000009,70.55846582457076,1,0
811,29178,149.1746249410001,24,0.010000000000000009,72.53408304850261,1,0
812,29202,-19.923396587720525,24,0.010000000000000009,66.75649642944336,0,1
813,29271,178.48769765454762,69,0.010000000000000009,73.21340798640597,1,0
814,29320,164.9196322683879,49,0.010000000000000009,76.5864319314762,1,0
815,29353,159.6975228992261,33,0.010000000000000009,69.90044333718039,1,0
816,29400,175.84033968839785,47,0.010000000000000009,68.05142909922499,1,0
817,29426,153.40422196580775,26,0.010000000000000009,67.60279494065504,1,0
818,29469,136.89839791719623,43,0.010000000000000009,65.54545522290607,1,0
819,29482,114.23854730724688,13,0.010000000000000009,74.24096210186298,1,0
820,29519,147.67163533629383,37,0.010000000000000009,61.840821652799036,1,0
821,29554,165.51893663317912,35,0.010000000000000009,66.38880266462054,1,0
822,29590,166.11847201754907,36,0.010000000000000009,71.36224948035346,1,0
823,29607,128.30165296601112,17,0.010000000000000009,87.56943646599265,1,0
824,29619,116.57351036840384,12,0.010000000000000009,77.24281787872314,1,0
825,29638,133.74320277686198,19,0.010000000000000009,68.08584574649208,1,0
826,29684,183.2258225010981,46,0.010000000000000009,69.08426906751549,1,0
827,29697,126.16046250600144,13,0.010000000000000009,63.63364527775691,1,0
828,29720,-32.69894574157771,23,0.010000000000000009,64.68804235043733,0,1
829,29745,148.60762947148464,25,0.010000000000000009,66.70790954589843,1,0
830,29788,177.05545104839348,43,0.010000000000000009,68.55517826523892,1,0
831,29810,-23.774021667250125,22,0.010000000000000009,66.39545215259899,0,1
832,29850,161.31444652973147,40,0.010000000000000009,65.57871227264404,1,0
833,29874,-29.69791498994926,24,0.010000000000000009,67.1829613049825,0,1
834,29892,128.85517533531282,18,0.010000000000000009,71.65956242879231,1,0
835,29922,140.72368372437046,30,0.010000000000000009,67.19323666890462,1,0
836,29939,133.39297204409172,17,0.010000000000000009,69.1181723650764,1,0
837,29973,165.72916083023085,34,0.010000000000000009,65.7146033118753,1,0
838,29991,130.84441838532584,18,0.010000000000000009,56.633523093329536,1,0
839,30021,148.57356796695777,30,0.010000000000000009,65.50672162373861,1,0
840,30049,153.69028651507784,28,0.010000000000000009,61.228488785879954,1,0
841,30074,147.16760764052538,25,0.010000000000000009,58.99040466308594,1,0
842,30119,176.31149255913334,45,0.010000000000000009,65.15305777655708,1,0
843,30130,120.44689577147,11,0.010000000000000009,65.72215236317028,1,0
844,30153,138.17974063935884,23,0.010000000000000009,61.66072696188222,1,0
845,30175,140.5983901082251,22,0.010000000000000009,61.19987054304643,1,0
846,30191,126.53359660697451,16,0.010000000000000009,60.76861524581909,1,0
847,30226,150.06716873279234,35,0.010000000000000009,61.3505744934082,1,0
848,30250,145.55648567506165,24,0.010000000000000009,63.285716692606606,1,0
849,30283,161.82217729716297,33,0.010000000000000009,63.93173125295928,1,0
850,30302,134.4996524498082,19,0.010000000000000009,64.43237706234581,1,0
851,30319,126.45068827455631,17,0.010000000000000009,56.830577177159924,1,0
852,30337,140.3028462059322,18,0.010000000000000009,63.94325955708822,1,0
853,30368,146.22627804583217,31,0.010000000000000009,60.90088887368479,1,0
854,30382,122.19819069901209,14,0.010000000000000009,64.68767820085797,1,0
855,30423,166.023865500807,41,0.010000000000000009,54.129117267887764,1,0
856,30448,127.21681305045253,25,0.010000000000000009,57.63666000366211,1,0
857,30466,116.88452818952798,18,0.010000000000000009,50.38906055026584,1,0
858,30526,157.76013819687108,60,0.010000000000000009,60.436591911315915,1,0
859,30563,163.1147776629278,37,0.010000000000000009,60.86534283612225,1,0
860,30579,132.8461250683992,16,0.010000000000000009,55.87688231468201,1,0
861,30614,151.3514985585483,35,0.010000000000000009,69.78647428240095,1,0
862,30655,162.15808828223638,41,0.010000000000000009,62.51391657387338,1,0
863,30684,142.66371603484066,29,0.010000000000000009,62.307898554308665,1,0
864,30743,174.23783145526147,59,0.010000000000000009,64.16726445343535,1,0
865,30763,137.69930058469248,20,0.010000000000000009,61.011241340637206,1,0
866,30791,145.76534326667604,28,0.010000000000000009,58.39989594050816,1,0
867,30813,-20.909730640602938,22,0.010000000000000009,57.68896969881925,0,1
868,30822,115.0331831438049,9,0.010000000000000009,70.89399761623807,1,0
869,30868,168.20683772521903,46,0.010000000000000009,63.9603622270667,1,0
870,30916,182.5726813297209,48,0.010000000000000009,60.26121036211649,1,0
871,30937,145.53025584646267,21,0.010000000000000009,58.6850471496582,1,0
872,30985,177.2854427581425,48,0.010000000000000009,59.85251593589783,1,0
873,31009,-37.99555997175057,24,0.010000000000000009,64.3198954264323,0,1
874,31109,21.319738966436404,100,0.010000000000000009,63.64649982452393,0,0
875,31164,185.55927425658814,55,0.010000000000000009,66.90151616876776,1,0
876,31179,123.66380129648579,15,0.010000000000000009,69.1940528869629,1,0
877,31188,116.47176395209979,9,0.010000000000000009,58.570587158203125,1,0
878,31210,-27.003757833568734,22,0.010000000000000009,62.12065384604714,0,1
879,31239,150.94844980272148,29,0.010000000000000009,67.80235816692483,1,0
880,31258,118.81098134104151,19,0.010000000000000009,57.86385385613693,1,0
881,31298,158.1328434078975,40,0.010000000000000009,65.34713611602783,1,0
882,31311,127.12099876434304,13,0.010000000000000009,59.622317387507515,1,0
883,31332,132.22177019597947,21,0.010000000000000009,62.506096431187224,1,0
884,31393,166.0897846182255,61,0.010000000000000009,61.48485415099097,1,0
885,31420,147.83281883175752,27,0.010000000000000009,64.10956545229311,1,0
886,31520,76.38018364921496,100,0.010000000000000009,64.55777633666992,0,0
887,31553,162.25154847033804,33,0.010000000000000009,66.3554450526382,1,0
888,31628,-18.26729293852268,75,0.010000000000000009,56.01954330444336,0,1
889,31636,113.408491245667,8,0.010000000000000009,61.438087940216064,1,0
890,31646,113.41773828414081,10,0.010000000000000009,57.95827102661133,1,0
891,31656,117.23794047455691,10,0.010000000000000009,61.66805992126465,1,0
892,31672,-22.94152358536689,16,0.010000000000000009,55.01929688453674,0,1
893,31707,162.96865529127814,35,0.010000000000000009,57.03568300519671,1,0
894,31761,160.01618982294957,54,0.010000000000000009,57.93933282075105,1,0
895,31808,182.9106482169213,47,0.010000000000000009,66.80950805988718,1,0
896,31878,177.55420057889765,70,0.010000000000000009,60.15065830775669,1,0
897,31923,176.8713895233662,45,0.010000000000000009,69.97904493543837,1,0
898,31956,164.1474728402668,33,0.010000000000000009,70.40008094094016,1,0
899,31987,149.4116770441912,31,0.010000000000000009,65.15765196277249,1,0
900,32026,161.20857806606432,39,0.010000000000000009,67.37949733245067,1,0
901,32045,134.73412487947252,19,0.010000000000000009,52.98768354717054,1,0
902,32065,138.48731593545796,20,0.010000000000000009,59.30552635192871,1,0
903,32076,-29.05190130366142,11,0.010000000000000009,61.932520779696375,0,1
904,32089,121.67446996952073,13,0.010000000000000009,59.719361818753754,1,0
905,32129,167.7570167340558,40,0.010000000000000009,56.273992490768435,1,0
906,32178,166.78388065281052,49,0.010000000000000009,55.19711109083526,1,0
907,32216,165.84464904572718,38,0.010000000000000009,62.03771490799753,1,0
908,32260,163.11804169151984,44,0.010000000000000009,63.12274299968373,1,0
909,32281,141.87264453131064,21,0.010000000000000009,74.14164370582218,1,0
910,32334,190.41717477608296,53,0.010000000000000009,56.137170755638266,1,0
911,32358,145.05984555197915,24,0.010000000000000009,59.27585490544637,1,0
912,32389,157.03505668844946,31,0.010000000000000009,66.24508765435988,1,0
913,32414,146.38311388740772,25,0.010000000000000009,53.50580551147461,1,0
914,32465,164.08991783824723,51,0.010000000000000009,53.915459053189146,1,0
915,32485,136.88025051762386,20,0.010000000000000009,59.932230377197264,1,0
916,32523,147.91228879594263,38,0.010000000000000009,57.080612784937806,1,0
917,32563,167.42112926183972,40,0.010000000000000009,65.04691228866577,1,0
918,32593,125.66921679095611,30,0.010000000000000009,68.15316149393718,1,0
919,32629,160.4016370644747,36,0.010000000000000009,60.62104553646512,1,0
920,32644,125.55043911494931,15,0.010000000000000009,62.046026611328124,1,0
921,32670,131.96135032901222,26,0.010000000000000009,59.63815248929537,1,0
922,32705,165.9348244149367,35,0.010000000000000009,56.37408687046596,1,0
923,32729,137.85272266908748,24,0.010000000000000009,51.732272466023765,1,0
924,32776,178.70585645635754,47,0.010000000000000009,51.47344857073845,1,0
925,32826,176.44232549609197,50,0.010000000000000009,54.519371337890625,1,0
926,32866,170.34721068910932,40,0.010000000000000009,56.767510414123535,1,0
927,32890,146.72451131851506,24,0.010000000000000009,63.53350019454956,1,0
928,32901,115.73506709963716,11,0.010000000000000009,62.09195535833185,1,0
929,32930,154.0655504502217,29,0.010000000000000009,59.23503494262695,1,0
930,32970,148.4419225240939,40,0.010000000000000009,59.40228328704834,1,0
931,32988,-22.58809152951686,18,0.010000000000000009,53.0174929300944,0,1
932,33004,136.54181773919683,16,0.010000000000000009,65.3347327709198,1,0
933,33069,181.73322460113266,65,0.010000000000000009,59.34339417677659,1,0
934,33081,-26.93923002008951,12,0.010000000000000009,49.1018861134847,0,1
935,33119,148.97743522488275,38,0.010000000000000009,65.69420081690738,1,0
936,33155,153.22450418719396,36,0.010000000000000009,62.68732314639621,1,0
937,33162,112.23117466427261,7,0.010000000000000009,64.93818392072406,1,0
938,33172,115.38232654218,10,0.010000000000000009,75.40278472900391,1,0
939,33189,115.38796988638737,17,0.010000000000000009,58.5882303574506,1,0
940,33223,153.65552416953886,34,0.010000000000000009,56.382158279418945,1,0
941,33236,119.24186274126897,13,0.010000000000000009,54.22326572124775,1,0
942,33270,138.5449342075962,34,0.010000000000000009,58.43066092098461,1,0
943,33307,163.08463582209566,37,0.010000000000000009,53.66647524447055,1,0
944,33358,180.23959205220046,51,0.010000000000000009,56.99375328363157,1,0
945,33381,128.54453184647562,23,0.010000000000000009,42.90228205141814,1,0
946,33428,181.21676990219373,47,0.010000000000000009,55.45886473960065,1,0
947,33450,143.55259381309685,22,0.010000000000000009,51.505662484602496,1,0
948,33521,-5.692132331857806,71,0.010000000000000009,55.723467222401794,0,1
949,33567,166.08046621630268,46,0.010000000000000009,64.66845918738323,1,0
950,33615,157.7353423898415,48,0.010000000000000009,62.33006064097086,1,0
951,33683,161.8258586700132,68,0.010000000000000009,55.666610437280994,1,0
952,33728,147.53480475658978,45,0.010000000000000009,57.470573552449544,1,0
953,33742,111.54285433073757,14,0.010000000000000009,64.65995570591518,1,0
954,33794,192.50432860353993,52,0.010000000000000009,60.610809326171875,1,0
955,33879,-18.18633811715034,85,0.010000000000000009,63.848874911139994,0,1
956,33917,151.0279483763206,38,0.010000000000000009,67.3030776977539,1,0
957,33939,140.3190022026545,22,0.010000000000000009,61.38799910111861,1,0
958,33961,142.77398785185198,22,0.010000000000000009,74.57815378362483,1,0
959,33990,156.3891624070536,29,0.010000000000000009,66.30987903989595,1,0
960,34029,171.48638745516095,39,0.010000000000000009,61.5314580477201,1,0
961,34059,155.54893688765742,30,0.010000000000000009,69.64589729309083,1,0
962,34100,171.16998408546283,41,0.010000000000000009,63.872652332957195,1,0
963,34153,178.64569942610427,53,0.010000000000000009,67.66734378742721,1,0
964,34178,133.39533044149894,25,0.010000000000000009,58.95142250061035,1,0
965,34214,154.50143746842608,36,0.010000000000000009,58.230996237860786,1,0
966,34233,138.80373795037295,19,0.010000000000000009,60.89606977763929,1,0
967,34278,155.32592268910625,45,0.010000000000000009,60.874566141764326,1,0
968,34296,130.01899325956083,18,0.010000000000000009,62.55660268995497,1,0
969,34316,135.7449109216311,20,0.010000000000000009,58.531258773803714,1,0
970,34361,178.93225937109813,45,0.010000000000000009,56.899997287326386,1,0
971,34395,147.09309289477557,34,0.010000000000000009,61.91055398828843,1,0
972,34412,134.4055496046949,17,0.010000000000000009,56.21887408985811,1,0
973,34440,150.43821722561074,28,0.010000000000000009,55.40940012250628,1,0
974,34469,147.37007674846149,29,0.010000000000000009,70.09439678849846,1,0
975,34521,149.47966531925906,52,0.010000000000000009,59.61704664963942,1,0
976,34540,132.24110753778896,19,0.010000000000000009,70.09251644736842,1,0
977,34561,121.97581983533756,21,0.010000000000000009,71.97175616309757,1,0
978,34592,142.692525550271,31,0.010000000000000009,62.20124250842679,1,0
979,34648,165.3116860750759,56,0.010000000000000009,71.47186987740653,1,0
980,34683,159.19984562140698,35,0.010000000000000009,66.86691720145089,1,0
981,34767,-43.92530475931496,84,0.010000000000000009,66.05401243482318,0,1
982,34812,181.07530978355416,45,0.010000000000000009,63.195315551757815,1,0
983,34852,160.98847575742485,40,0.010000000000000009,66.62077264785766,1,0
984,34865,-26.6153110113451,13,0.010000000000000009,75.3141367985652,0,1
985,34899,161.6740879955968,34,0.010000000000000009,69.66826854032628,1,0
986,34945,189.6483727726009,46,0.010000000000000009,67.34979919765307,1,0
987,34978,155.32337005917182,33,0.010000000000000009,64.29703001542525,1,0
988,35021,173.54731369240682,43,0.010000000000000009,73.78746520641238,1,0
989,35062,171.50095854247786,41,0.010000000000000009,66.21583836253096,1,0
990,35092,149.03012199233166,30,0.010000000000000009,64.26543350219727,1,0
991,35110,-29.357829692315597,18,0.010000000000000009,66.64437823825412,0,1
992,35133,144.05401418994882,23,0.010000000000000009,64.6837854800017,1,0
993,35151,-29.043471044853995,18,0.010000000000000009,66.60422558254666,0,1
994,35182,157.57023351439818,31,0.010000000000000009,65.36100264518491,1,0
995,35202,144.17761951221283,20,0.010000000000000009,71.73024692535401,1,0
996,35220,-32.69541049777393,18,0.010000000000000009,69.61499574449327,0,1
997,35245,146.51079934274833,25,0.010000000000000009,75.5282192993164,1,0
998,35317,154.10640018883012,72,0.010000000000000009,72.21617386076186,1,0
999,35401,12.751258966845128,84,0.010000000000000009,66.52355775378999,0,1
1000,35426,147.62375148793012,25,0.010000000000000009,59.076614227294925,1,0
