Episode,Total_Steps,Reward,Ep_Steps,Epsilon,Avg_Loss,Success,Collision,Consistency
1,27,11.565871992198336,27,0.0,0.0,1,0,0.0
2,52,-2.8423073369844483,25,0.0,0.0,0,1,0.0
3,96,13.643187398993033,44,0.0,0.0,1,0,0.0
4,132,-3.1043938030104656,36,0.0,0.0,0,1,0.0
5,158,-2.587266567693292,26,0.0,0.0,0,1,0.0
6,196,-2.767037601129044,38,0.0,0.0,0,1,0.0
7,236,13.751765064448705,40,0.0,0.0,1,0,0.0
8,292,14.56934086379892,56,0.0,0.0,1,0,0.0
9,329,-2.1302127007712874,37,0.0,0.0,0,1,0.0
10,358,-2.380612383126782,29,0.0,0.0,0,1,0.0
11,397,13.329223407490076,39,0.0,0.0,1,0,0.0
12,425,-2.44534923712518,28,0.0,0.0,0,1,0.0
13,464,-2.3460629703206752,39,0.0,0.0,0,1,0.0
14,504,-3.0405252779708203,40,0.0,0.0,0,1,0.0
15,543,-2.459449004900331,39,0.0,0.0,0,1,0.0
16,568,-2.8422062871280938,25,0.0,0.0,0,1,0.0
17,622,14.471756202555289,54,0.0,0.0,1,0,0.0
18,645,-2.6817926356255084,23,0.0,0.0,0,1,0.0
19,684,-2.416031908947949,39,0.0,0.0,0,1,0.0
20,720,-2.8338715905623184,36,0.0,0.0,0,1,0.0
21,743,-2.868294354002725,23,0.0,0.0,0,1,0.0
22,784,13.689430210007316,41,0.0,0.0,1,0,0.0
23,818,-1.5667047676810557,34,0.0,0.0,0,1,0.0
24,843,-2.9258485471604874,25,0.0,0.0,0,1,0.0
25,881,-2.6470127994571113,38,0.0,0.0,0,1,0.0
26,942,16.176094740409063,61,0.0,0.0,1,0,0.0
27,981,-2.483317433882376,39,0.0,0.0,0,1,0.0
28,1006,-2.939642535159784,25,0.0,0.0,0,1,0.0
29,1054,13.924849643765727,48,0.0,0.0,1,0,0.0
30,1078,-2.937404540938828,24,0.0,0.0,0,1,0.0
31,1115,-3.270137056428765,37,0.0,0.0,0,1,0.0
32,1153,-2.763678492944136,38,0.0,0.0,0,1,0.0
33,1177,-2.7552604316465965,24,0.0,0.0,0,1,0.0
34,1215,-3.256520081937049,38,0.0,0.0,0,1,0.0
35,1260,-1.5946849138718693,45,0.0,0.0,0,1,0.0
36,1284,-2.9778410071944172,24,0.0,0.0,0,1,0.0
37,1313,-2.478415666590311,29,0.0,0.0,0,1,0.0
38,1360,13.893720035024938,47,0.0,0.0,1,0,0.0
39,1399,11.093810230750574,39,0.0,0.0,1,0,0.0
40,1425,-2.761361496939549,26,0.0,0.0,0,1,0.0
41,1449,-2.934472418078637,24,0.0,0.0,0,1,0.0
42,1474,-3.001985939364009,25,0.0,0.0,0,1,0.0
43,1544,16.921033578974267,70,0.0,1.9881057414141567,1,0,0.0
44,1580,-3.7829405308914312,36,0.0,1.4790478398402531,0,1,0.0
45,1606,-2.541638881688591,26,0.0,1.1808819541564355,0,1,0.0
46,1641,12.869991287974237,35,0.0,1.0498473823070527,1,0,0.0
47,1693,14.578124607255202,52,0.0,0.8976942954155115,1,0,0.0
48,1718,-2.912195506507447,25,0.0,0.7575247585773468,0,1,0.0
49,1744,-2.3781064961269562,26,0.0,0.6733322831300589,0,1,0.0
50,1757,-3.7790819403072815,13,0.0,2.2979349608604727,0,1,0.0
51,1779,-2.8513921046991713,22,1.0,1.916828453540802,0,1,0.0
52,1802,-2.8622071684226187,23,0.988615,1.9315419993970706,0,1,0.0
53,1841,14.295462670268243,39,0.96931,1.7032661510583682,1,0,1.0
54,1889,12.888742678070361,48,0.94555,1.7735983086749911,1,0,1.0
55,1911,-3.0266386476205676,22,0.93466,1.711574372920123,0,1,1.0
56,1961,12.891911027932156,50,0.90991,1.588532039821148,1,0,0.8333333333333334
57,2001,-1.900706217438271,40,0.89011,1.7296137917786836,0,1,1.0
58,2037,-0.7002106637316983,36,0.87229,1.7171203133960564,0,1,1.0
59,2065,13.22851877535796,28,0.85843,1.6843164137431554,1,0,1.0
60,2101,14.060272809990966,36,0.84061,1.9393097174664338,1,0,0.7142857142857143
61,2135,-3.02501248118351,34,0.82378,1.7504192564417334,0,1,1.0
62,2169,-1.9671086740579007,34,0.8069500000000001,1.4709280076272346,0,1,0.8333333333333334
63,2204,-2.289077153040332,35,0.789625,1.5540472073214395,0,1,1.0
64,2228,-2.5487871432353852,24,0.777745,1.6380728743970394,0,1,1.0
65,2271,12.085224046291634,43,0.75646,1.6411929066444553,1,0,0.9
66,2307,-1.735004439956262,36,0.73864,1.5047236304316256,0,1,0.75
67,2341,-2.719146525087947,34,0.72181,1.5380639262935694,0,1,1.0
68,2384,-2.4255194479668263,43,0.7005250000000001,1.5178575574658637,0,1,1.0
69,2447,16.02211970100296,63,0.66934,1.4203772045790204,1,0,0.8181818181818182
70,2471,-2.5235202221856583,24,0.65746,1.4839714529613655,0,1,1.0
71,2491,-2.735275242428492,20,0.64756,1.4160636797547341,0,1,1.0
72,2514,-2.911101636297538,23,0.6361749999999999,1.502411530069683,0,1,0.5
73,2549,-3.23518886434368,35,0.61885,1.312722162902355,0,1,0.9166666666666666
74,2570,11.289838849649094,21,0.608455,1.454993228117625,1,0,0.9090909090909091
75,2622,14.623651297507571,52,0.5827150000000001,1.1288547712163284,1,0,0.7368421052631579
76,2662,14.445646989086724,40,0.562915,1.2610188372433186,1,0,0.8333333333333334
77,2682,-2.7014317472674154,20,0.553015,1.3039970356971025,0,1,0.6363636363636364
78,2715,-2.9552982566226027,33,0.53668,1.1752674094203748,0,1,0.8666666666666667
79,2753,13.709091747926264,38,0.51787,1.2297579028496617,1,0,0.8823529411764706
80,2774,-2.9113553094946516,21,0.507475,1.1914902900656064,0,1,0.6428571428571429
81,2794,-2.8133383011649014,20,0.4975750000000001,1.0875456985086203,0,1,0.7272727272727273
82,2833,-1.2396359583719128,39,0.47827,1.1300144638770666,0,1,0.7894736842105263
83,2866,-3.013730998179033,33,0.461935,1.1025581987518254,0,1,0.7142857142857143
84,2890,-2.9495880273669592,24,0.450055,1.1378483676041167,0,1,0.5833333333333334
85,2926,13.37815105194939,36,0.43223500000000004,1.0831658757395215,1,0,0.9
86,2972,-2.242520900384183,46,0.40946499999999997,1.1966188585628634,0,1,0.72
87,3004,-1.2082422851619299,32,0.393625,1.0449538694228977,0,1,0.6666666666666666
88,3035,-3.41399144892983,31,0.37827999999999995,1.2055504372523678,0,1,0.7142857142857143
89,3064,-3.520179052142164,29,0.36392500000000005,1.103470454955923,0,1,0.9090909090909091
90,3086,-2.309710839584792,22,0.353035,1.2034891488199884,0,1,0.5555555555555556
91,3116,13.014920805239026,30,0.33818500000000007,1.0383689567446708,1,0,0.7647058823529411
92,3152,-2.431755589721513,36,0.320365,1.0704652706368103,0,1,0.75
93,3186,-3.0858351893689564,34,0.303535,1.114870202015428,0,1,0.8
94,3225,13.78816645228811,39,0.28423,1.023683722011554,1,0,0.7931034482758621
95,3244,-2.6685468260984777,19,0.274825,1.100308709238705,0,1,0.5
96,3274,-3.7606230067005875,30,0.25997499999999996,1.1111718768874803,0,1,0.8421052631578947
97,3331,-3.403486811844636,57,0.23175999999999997,1.0731981668555945,0,1,0.7446808510638298
98,3384,-3.520169328561197,53,0.20552500000000007,1.028902586338655,0,1,0.7692307692307693
99,3410,-2.339286525038271,26,0.19265500000000002,1.139315539254592,0,1,0.42857142857142855
100,3433,-2.904337212771687,23,0.18127000000000004,0.9245816216520641,0,1,0.35
101,3488,15.60025840674444,55,0.154045,1.0046674927527255,1,0,0.5306122448979592
102,3532,-1.7682370862280195,44,0.13226500000000008,1.00956387123601,0,1,0.6923076923076923
103,3573,-2.2050136460112513,41,0.11197000000000001,1.0490743857694835,0,1,0.6857142857142857
104,3609,-1.4615598496887152,36,0.09414999999999996,0.9961785038726197,0,1,0.7058823529411765
105,3655,-2.0443502840527406,46,0.07138000000000011,0.9472392656556938,0,1,0.6428571428571429
106,3717,16.642614199359294,62,0.040690000000000004,1.0709065708421892,1,0,0.6833333333333333
107,3739,-2.711007150001447,22,0.02980000000000005,1.1387773389843376,0,1,0.5789473684210527
108,3762,-2.9243735596407556,23,0.01841499999999996,1.0841745345488838,0,1,0.5652173913043478
109,3809,-1.8724981441250557,47,0.010000000000000009,1.118398792090568,0,1,0.7391304347826086
110,3843,12.804629261454412,34,0.010000000000000009,1.1932201394263435,1,0,0.7352941176470589
111,3866,-2.5751922427129648,23,0.010000000000000009,1.1251388399497322,0,1,0.43478260869565216
112,3922,-2.1710476698168497,56,0.010000000000000009,1.0982539792146002,0,1,0.6909090909090909
113,3987,12.923828562232561,65,0.010000000000000009,1.0826101795985148,1,0,0.78125
114,4012,-2.6586387854501305,25,0.010000000000000009,1.0606394919753075,0,1,0.56
115,4052,13.663559337268865,40,0.010000000000000009,0.978703822940588,1,0,0.6923076923076923
116,4105,-1.919391172780986,53,0.010000000000000009,1.0887869059477213,0,1,0.6538461538461539
117,4144,-1.3472374329741625,39,0.010000000000000009,1.0462608264806943,0,1,0.6923076923076923
118,4200,-10.187699179746915,56,0.010000000000000009,1.1121725541140353,0,1,0.9245283018867925
119,4241,-1.4028716442161318,41,0.010000000000000009,1.1521928059618647,0,1,0.6
120,4295,-2.9606706881203455,54,0.010000000000000009,1.2266950259606044,0,1,0.6296296296296297
121,4334,-2.0304919181079404,39,0.010000000000000009,1.194839772887719,0,1,0.5897435897435898
122,4359,-2.729502436615916,25,0.010000000000000009,1.1431929188966752,0,1,0.44
123,4386,-2.6571632323294243,27,0.010000000000000009,1.0595535746327154,0,1,0.38461538461538464
124,4442,-3.3215496629561256,56,0.010000000000000009,1.2077309877744742,0,1,0.625
125,4488,-0.9582323756526261,46,0.010000000000000009,1.1200765763287959,0,1,0.6521739130434783
126,4536,14.815783466821175,48,0.010000000000000009,1.0818027220666409,1,0,0.7916666666666666
127,4581,14.28321812395703,45,0.010000000000000009,1.0263840013080172,1,0,0.6444444444444445
128,4604,-2.921530563338218,23,0.010000000000000009,1.2185496383387109,0,1,0.5
129,4639,-1.9792625754998339,35,0.010000000000000009,1.1162224833454404,0,1,0.6060606060606061
130,4669,-2.2284548662644394,30,0.010000000000000009,1.1807491247852644,0,1,0.5666666666666667
131,4751,16.655595596909652,82,0.010000000000000009,1.1045417207770232,1,0,0.7
132,4775,-2.965822382830005,24,0.010000000000000009,1.1044471661249797,0,1,0.5416666666666666
133,4835,-1.4555960302260251,60,0.010000000000000009,1.086398404588302,0,1,0.8
134,4858,-2.747908300854776,23,0.010000000000000009,1.1652796858030816,0,1,0.21739130434782608
135,4889,-1.7921816465723244,31,0.010000000000000009,1.1125123673869717,0,1,0.45161290322580644
136,4947,-2.6194573350409596,58,0.010000000000000009,1.1303818207876435,0,1,0.7678571428571429
137,4978,-2.628465883771079,31,0.010000000000000009,1.1172306388616562,0,1,0.4666666666666667
138,5003,-2.4803769407100695,25,0.010000000000000009,1.1093304312229157,0,1,0.36
139,5048,14.355768275479752,45,0.010000000000000009,1.0888371957672967,1,0,0.6666666666666666
140,5080,-3.3115660614221154,32,0.010000000000000009,1.12567879864946,0,1,0.6875
141,5119,-1.3092663793216865,39,0.010000000000000009,1.201542032834811,0,1,0.6153846153846154
142,5170,15.395460144632764,51,0.010000000000000009,1.1584299086940055,1,0,0.7843137254901961
143,5194,-6.288095635541238,24,0.010000000000000009,0.993080277616779,0,1,0.782608695652174
144,5220,-2.210594062357821,26,0.010000000000000009,1.2163537012842984,0,1,0.46153846153846156
145,5268,-2.7674494072895275,48,0.010000000000000009,1.212392248834173,0,1,0.6170212765957447
146,5321,15.667995691733289,53,0.010000000000000009,1.139106013864841,1,0,0.5094339622641509
147,5357,-1.375575572477922,36,0.010000000000000009,1.039543413867553,0,1,0.5
148,5406,-9.750003308394302,49,0.010000000000000009,1.1078979734863554,0,1,0.8775510204081632
149,5432,-7.0573795053475505,26,0.010000000000000009,1.148157513485505,0,1,0.8076923076923077
150,5531,17.5713979918193,99,0.010000000000000009,1.1299820563407859,1,0,0.7857142857142857
151,5572,-2.1426775841315218,41,0.010000000000000009,1.1629398061734875,0,1,0.7317073170731707
152,5625,-3.1751868769539424,53,0.010000000000000009,1.110766848865545,0,1,0.8461538461538461
153,5663,-2.6306931299985035,38,0.010000000000000009,1.0883040483060635,0,1,0.6578947368421053
154,5688,-2.8776489676628296,25,0.010000000000000009,1.1418561452627183,0,1,0.52
155,5722,-2.1628249728046933,34,0.010000000000000009,1.1413939069299137,0,1,0.5588235294117647
156,5747,-2.817431937667247,25,0.010000000000000009,1.2145712018013,0,1,0.28
157,5809,-3.1007516498919214,62,0.010000000000000009,1.1183303822913477,0,1,0.7377049180327869
158,5838,-2.618421129986591,29,0.010000000000000009,1.0830827360523159,0,1,0.41379310344827586
159,5879,-1.2035384213014555,41,0.010000000000000009,1.202702150475688,0,1,0.4878048780487805
160,5905,-2.4428898659478055,26,0.010000000000000009,1.0164307046395082,0,1,0.4230769230769231
161,6005,5.070544920417439,100,0.010000000000000009,1.1706519168615341,0,0,0.6701030927835051
162,6034,-2.180878276997528,29,0.010000000000000009,1.2474094901619286,0,1,0.3793103448275862
163,6087,-2.0628511601556165,53,0.010000000000000009,1.142906793164757,0,1,0.5961538461538461
164,6139,14.951226573489823,52,0.010000000000000009,1.1212049616644015,1,0,0.6346153846153846
165,6163,-2.5123948350504337,24,0.010000000000000009,1.152590752268831,0,1,0.3333333333333333
166,6198,-2.2670969613175482,35,0.010000000000000009,1.2239680711712155,0,1,0.37142857142857144
167,6226,-2.159838058212434,28,0.010000000000000009,1.1407674604228564,0,1,0.48148148148148145
168,6250,-2.562260909931389,24,0.010000000000000009,1.0949758638938267,0,1,0.375
169,6289,-2.087072193649561,39,0.010000000000000009,1.0877517488522408,0,1,0.358974358974359
170,6311,-2.6214774745440517,22,0.010000000000000009,1.1386577520858159,0,1,0.3333333333333333
171,6363,-1.687945952357714,52,0.010000000000000009,1.137928425692595,0,1,0.75
172,6386,-2.852235564770102,23,0.010000000000000009,1.124691397599552,0,1,0.4782608695652174
173,6461,16.743357010176005,75,0.010000000000000009,1.1615798614422481,1,0,0.6438356164383562
174,6484,-2.597668571135223,23,0.010000000000000009,1.0557242806838907,0,1,0.5454545454545454
175,6535,-2.0941396185286525,51,0.010000000000000009,1.1392023592602973,0,1,0.7
176,6597,16.349155707431496,62,0.010000000000000009,1.1507566258791955,1,0,0.6290322580645161
177,6675,14.339483187553679,78,0.010000000000000009,1.1344966225517101,1,0,0.717948717948718
178,6713,-1.0703487348376308,38,0.010000000000000009,1.1168750669611127,0,1,0.5277777777777778
179,6779,16.620950312219424,66,0.010000000000000009,1.1521262129147847,1,0,0.609375
180,6804,-2.63267113358817,25,0.010000000000000009,1.2164135110378265,0,1,0.6
181,6828,-3.0095494978869484,24,0.010000000000000009,1.251095202441017,0,1,0.4583333333333333
182,6851,-2.844522686141337,23,0.010000000000000009,1.2033548180175864,0,1,0.2608695652173913
183,6905,-3.2991327410415527,54,0.010000000000000009,1.1212885884775057,0,1,0.7777777777777778
184,6959,13.62725095070212,54,0.010000000000000009,1.1633912838167615,1,0,0.7169811320754716
185,7026,1.1679530913115208,67,0.010000000000000009,1.176512468661835,0,1,0.6865671641791045
186,7046,-2.894978436397966,20,0.010000000000000009,1.109311792254448,0,1,0.3
187,7070,-2.8539206033822224,24,0.010000000000000009,1.155444744353493,0,1,0.3333333333333333
188,7093,-2.6005063653841365,23,0.010000000000000009,1.1677563643973807,0,1,0.5217391304347826
189,7134,14.36194787793696,41,0.010000000000000009,1.152356495217579,1,0,0.5853658536585366
190,7172,-1.7137883096539688,38,0.010000000000000009,1.193924382721123,0,1,0.7297297297297297
191,7207,-2.582027044262362,35,0.010000000000000009,1.1835275105067662,0,1,0.7428571428571429
192,7267,15.73795323401768,60,0.010000000000000009,1.1365712322294712,1,0,0.6610169491525424
193,7329,16.084439899360554,62,0.010000000000000009,1.1412552405268914,1,0,0.7666666666666667
194,7376,14.467481442801798,47,0.010000000000000009,1.164343385937366,1,0,0.6808510638297872
195,7398,-2.837678866652868,22,0.010000000000000009,1.125791410830888,0,1,0.6363636363636364
196,7478,16.546732162956758,80,0.010000000000000009,1.1589217903092504,1,0,0.6666666666666666
197,7532,13.632717390662112,54,0.010000000000000009,1.1277305056099538,1,0,0.7962962962962963
198,7599,16.380412200330895,67,0.010000000000000009,1.098674942085992,1,0,0.7424242424242424
199,7620,-2.962839028599543,21,0.010000000000000009,1.1183143605788548,0,1,0.38095238095238093
200,7638,-2.616220766257337,18,0.010000000000000009,1.0492745339870453,0,1,0.5555555555555556
201,7702,16.924981446525752,64,0.010000000000000009,1.090650656959042,1,0,0.609375
202,7763,16.713244602848366,61,0.010000000000000009,1.1203008076695145,1,0,0.6885245901639344
203,7798,13.794777311918114,35,0.010000000000000009,1.1757255396672657,1,0,0.6470588235294118
204,7844,-1.6427758099540304,46,0.010000000000000009,1.1526187127051146,0,1,0.7555555555555555
205,7911,1.3351599786541053,67,0.010000000000000009,1.1532667906426672,0,1,0.803030303030303
206,7948,-1.4171284327638873,37,0.010000000000000009,1.0934159373109404,0,1,0.6486486486486487
207,7983,-2.478513170783763,35,0.010000000000000009,1.1046209411961692,0,1,0.6285714285714286
208,8008,-2.698312058387639,25,0.010000000000000009,1.0772752261161804,0,1,0.56
209,8045,-2.89556032641737,37,0.010000000000000009,1.2044340307648118,0,1,0.6756756756756757
210,8091,-3.5073980417119746,46,0.010000000000000009,1.1269837465623151,0,1,0.7555555555555555
211,8149,15.92885693303563,58,0.010000000000000009,1.2220518337241535,1,0,0.6842105263157895
212,8207,15.861148280875666,58,0.010000000000000009,1.1026041492305954,1,0,0.896551724137931
213,8238,-2.113880474773219,31,0.010000000000000009,1.1348376817280246,0,1,0.5806451612903226
214,8298,15.874631008541508,60,0.010000000000000009,1.1756543522079785,1,0,0.6333333333333333
215,8334,12.925250734693186,36,0.010000000000000009,1.1381849828693602,1,0,0.75
216,8364,12.698123807936668,30,0.010000000000000009,1.1751118858655294,1,0,0.6666666666666666
217,8396,-2.3899329643192986,32,0.010000000000000009,1.1676282780244946,0,1,0.6774193548387096
218,8437,13.860118681282106,41,0.010000000000000009,1.190598429339688,1,0,0.6666666666666666
219,8471,-3.1846673614157925,34,0.010000000000000009,1.1061612209853005,0,1,0.7272727272727273
220,8519,-2.6384263327995687,48,0.010000000000000009,1.2048965450376272,0,1,0.6382978723404256
221,8547,-2.8017705484856266,28,0.010000000000000009,1.1162900339279855,0,1,0.5714285714285714
222,8571,-2.860071537159527,24,0.010000000000000009,1.2040345662583907,0,1,0.5
223,8596,-2.557021396011849,25,0.010000000000000009,1.2861519348621369,0,1,0.5
224,8646,-2.003836177125372,50,0.010000000000000009,1.1255892634391784,0,1,0.78
225,8671,12.364510555004877,25,0.010000000000000009,1.132143297791481,1,0,0.68
226,8704,-3.028348426859837,33,0.010000000000000009,1.1659650034976727,0,1,0.6363636363636364
227,8730,-2.7866793817131184,26,0.010000000000000009,1.1625358370634227,0,1,0.5384615384615384
228,8760,-2.8632838353198946,30,0.010000000000000009,1.1581979046265285,0,1,0.5862068965517241
229,8796,13.289628658482176,36,0.010000000000000009,1.122497779627641,1,0,0.75
230,8854,15.34259784362726,58,0.010000000000000009,1.1390770750826802,1,0,0.6896551724137931
231,8874,-2.933080239831256,20,0.010000000000000009,1.0979864940047264,0,1,0.42105263157894735
232,8923,14.968777608590923,49,0.010000000000000009,1.1368750881175607,1,0,0.6326530612244898
233,9014,-0.43457555428947714,91,0.010000000000000009,1.0971798297468123,0,1,0.7777777777777778
234,9071,13.671093798432048,57,0.010000000000000009,1.1368709886283206,1,0,0.7142857142857143
235,9094,-2.534206958239716,23,0.010000000000000009,1.072925689427749,0,1,0.34782608695652173
236,9118,-2.9897313917747863,24,0.010000000000000009,1.159301269799471,0,1,0.5833333333333334
237,9146,13.043268934453248,28,0.010000000000000009,1.1165512081767832,1,0,0.9285714285714286
238,9173,13.062545533193703,27,0.010000000000000009,1.135981700486607,1,0,0.5925925925925926
239,9225,15.903843940825636,52,0.010000000000000009,1.0679338339429636,1,0,0.6538461538461539
240,9263,13.482102032457195,38,0.010000000000000009,1.0930653865400113,1,0,0.6842105263157895
241,9303,11.716368430100523,40,0.010000000000000009,1.1430448476225137,1,0,0.7435897435897436
242,9336,-2.9495028062700888,33,0.010000000000000009,1.1029911714069771,0,1,0.6875
243,9383,14.591753773415103,47,0.010000000000000009,1.1168733644992748,1,0,0.717391304347826
244,9411,-2.8021239753443092,28,0.010000000000000009,1.050289228026356,0,1,0.6785714285714286
245,9451,13.66266825606623,40,0.010000000000000009,1.0833260539919138,1,0,0.8205128205128205
246,9496,14.047468848834807,45,0.010000000000000009,1.109620213177469,1,0,0.8444444444444444
247,9543,-0.36514414545373075,47,0.010000000000000009,1.1210162325742397,0,1,0.6521739130434783
248,9580,-2.1355294969681458,37,0.010000000000000009,1.0635008195767532,0,1,0.5675675675675675
249,9631,-2.612199620739225,51,0.010000000000000009,1.1492547778522266,0,1,0.7450980392156863
250,9660,12.903243003099055,29,0.010000000000000009,1.085172865925164,1,0,0.7142857142857143
251,9758,16.474633177119518,98,0.010000000000000009,1.0837420146076047,1,0,0.6632653061224489
252,9801,-2.6523593157206733,43,0.010000000000000009,1.0649187526730604,0,1,0.7142857142857143
253,9822,-2.6137206369252906,21,0.010000000000000009,1.1500510211501802,0,1,0.3333333333333333
254,9843,-2.749080772512389,21,0.010000000000000009,1.0436196667807442,0,1,0.5
255,9943,1.2916590525432063,100,0.010000000000000009,1.0916716587543487,0,0,0.8163265306122449
256,9990,15.158645923026716,47,0.010000000000000009,1.0790682289194553,1,0,0.8913043478260869
257,10005,11.376901351369746,15,0.010000000000000009,1.20274049838384,1,0,0.8666666666666667
258,10039,-1.8508576055442187,34,0.010000000000000009,1.0361243617885254,0,1,0.6060606060606061
259,10091,13.147683093707608,52,0.010000000000000009,1.0890986225925958,1,0,0.75
260,10114,-2.9314849829482847,23,0.010000000000000009,1.1401018824266351,0,1,0.5238095238095238
261,10152,-1.9867848275183766,38,0.010000000000000009,1.0325102508068085,0,1,0.7222222222222222
262,10192,13.67678249215111,40,0.010000000000000009,1.0954654321074486,1,0,0.717948717948718
263,10214,-2.5545861212553618,22,0.010000000000000009,1.1043633493510159,0,1,0.42857142857142855
264,10239,-2.5967096418528612,25,0.010000000000000009,1.144313018321991,0,1,0.56
265,10260,-2.81913861345968,21,0.010000000000000009,1.0656701830171404,0,1,0.6190476190476191
266,10314,14.39422152594869,54,0.010000000000000009,1.1046224413094696,1,0,0.8301886792452831
267,10333,-2.790775970187368,19,0.010000000000000009,1.11802255479913,0,1,0.3157894736842105
268,10361,12.435292372919372,28,0.010000000000000009,1.0603825822472572,1,0,0.75
269,10382,11.702986598017345,21,0.010000000000000009,1.1876641838323503,1,0,0.7142857142857143
270,10443,17.400080183457458,61,0.010000000000000009,1.1437676983778593,1,0,0.5901639344262295
271,10467,-2.716794507914714,24,0.010000000000000009,1.22162947182854,0,1,0.43478260869565216
272,10528,15.977907688214557,61,0.010000000000000009,1.1097225771575678,1,0,0.8333333333333334
273,10556,12.99440154146041,28,0.010000000000000009,1.0648214284862791,1,0,0.75
274,10579,-2.665501326273586,23,0.010000000000000009,1.183539478675179,0,1,0.4090909090909091
275,10618,-1.206565436161203,39,0.010000000000000009,1.131893174770551,0,1,0.5641025641025641
276,10684,16.066137262077227,66,0.010000000000000009,1.1048818555745212,1,0,0.696969696969697
277,10706,-2.8606661580959356,22,0.010000000000000009,1.2894243882461027,0,1,0.5
278,10780,15.864854476134798,74,0.010000000000000009,1.1284946682485375,1,0,0.6986301369863014
279,10802,-2.7010182184482883,22,0.010000000000000009,1.279184337366711,0,1,0.5
280,10858,-1.0953411717901456,56,0.010000000000000009,1.1462063459413392,0,1,0.6607142857142857
281,10907,-1.065493958130158,49,0.010000000000000009,1.1143252131890278,0,1,0.7872340425531915
282,10951,-1.8297737688191846,44,0.010000000000000009,1.1571717831221493,0,1,0.7441860465116279
283,10977,-2.449933250300492,26,0.010000000000000009,1.1162792100356176,0,1,0.5384615384615384
284,11024,14.835077125967743,47,0.010000000000000009,1.1405963834295882,1,0,0.8297872340425532
285,11058,-1.4914314632039383,34,0.010000000000000009,1.191416125963716,0,1,0.5151515151515151
286,11120,-2.58030568721969,62,0.010000000000000009,1.1971773394653875,0,1,0.7903225806451613
287,11175,13.903974207670787,55,0.010000000000000009,1.191715794801712,1,0,0.8301886792452831
288,11255,17.329711419884614,80,0.010000000000000009,1.2214231844991446,1,0,0.75
289,11287,12.891858374230765,32,0.010000000000000009,1.223492769524455,1,0,0.9375
290,11308,-3.0084573754604325,21,0.010000000000000009,1.2195024816762834,0,1,0.47619047619047616
291,11357,-0.1271582545492782,49,0.010000000000000009,1.1481372610646852,0,1,0.625
292,11393,-1.017386730824568,36,0.010000000000000009,1.1821907593144312,0,1,0.6571428571428571
293,11441,-2.71219901950892,48,0.010000000000000009,1.2017790786921978,0,1,0.7446808510638298
294,11479,-1.5230606636564885,38,0.010000000000000009,1.2369290347162045,0,1,0.7368421052631579
295,11515,13.482286709093785,36,0.010000000000000009,1.2566892777880032,1,0,0.7777777777777778
296,11556,15.009631146128605,41,0.010000000000000009,1.2039906920456305,1,0,0.7073170731707317
297,11641,17.284330383001727,85,0.010000000000000009,1.1835885819266825,1,0,0.7738095238095238
298,11704,16.907467054840147,63,0.010000000000000009,1.1999137245473408,1,0,0.7936507936507936
299,11749,14.858510426963676,45,0.010000000000000009,1.2382719695568085,1,0,0.7555555555555555
300,11790,13.982563365634544,41,0.010000000000000009,1.1719362597639968,1,0,0.65
301,11840,15.254677971285346,50,0.010000000000000009,1.2392441737651825,1,0,0.74
302,11893,15.473951367702966,53,0.010000000000000009,1.2262239343715164,1,0,0.8679245283018868
303,11952,17.10791980852638,59,0.010000000000000009,1.2173444214513747,1,0,0.8103448275862069
304,12001,15.550493334437832,49,0.010000000000000009,1.2179441427697941,1,0,0.7659574468085106
305,12058,13.770725592355411,57,0.010000000000000009,1.2320070371293186,1,0,0.8245614035087719
306,12112,16.156421592540973,54,0.010000000000000009,1.2235797196626663,1,0,0.6981132075471698
307,12164,15.309266918555341,52,0.010000000000000009,1.205415817980583,1,0,0.8076923076923077
308,12243,15.610897650333861,79,0.010000000000000009,1.223406140940099,1,0,0.759493670886076
309,12321,15.526272317120586,78,0.010000000000000009,1.2542503552559094,1,0,0.8333333333333334
310,12364,14.672087787323761,43,0.010000000000000009,1.2584534758745238,1,0,0.7209302325581395
311,12384,-2.9522910906084974,20,0.010000000000000009,1.2200808435678483,0,1,0.4
312,12408,-2.557019553201128,24,0.010000000000000009,1.2578974850475788,0,1,0.4583333333333333
313,12440,-3.3624827974962477,32,0.010000000000000009,1.2557738767936826,0,1,0.65625
314,12484,-1.9623975541088696,44,0.010000000000000009,1.202935366467996,0,1,0.6744186046511628
315,12552,16.611945273004025,68,0.010000000000000009,1.1922577242640888,1,0,0.6923076923076923
316,12587,-1.0476714047662425,35,0.010000000000000009,1.2427008467061178,0,1,0.6571428571428571
317,12612,-2.467286369165544,25,0.010000000000000009,1.315952776670456,0,1,0.6
318,12636,-2.882789125442682,24,0.010000000000000009,1.311561259130637,0,1,0.6666666666666666
319,12703,16.4713470335807,67,0.010000000000000009,1.2721106472300059,1,0,0.8333333333333334
320,12722,11.813186815214982,19,0.010000000000000009,1.2271601102854077,1,0,0.8888888888888888
321,12776,15.491812581804762,54,0.010000000000000009,1.2928809402165589,1,0,0.6981132075471698
322,12809,11.150974981702612,33,0.010000000000000009,1.2612861449068242,1,0,0.8387096774193549
323,12849,14.106863756778672,40,0.010000000000000009,1.1908589899539948,1,0,0.7
324,12894,15.001573859601336,45,0.010000000000000009,1.2486232823795742,1,0,0.7111111111111111
325,12943,14.419535246155096,49,0.010000000000000009,1.2603423990765397,1,0,0.7959183673469388
326,13002,16.909836332811103,59,0.010000000000000009,1.2549422282283589,1,0,0.7931034482758621
327,13080,16.895580142552394,78,0.010000000000000009,1.217900771743212,1,0,0.8181818181818182
328,13133,15.190954155392062,53,0.010000000000000009,1.2490556420020338,1,0,0.8627450980392157
329,13185,15.468991685445049,52,0.010000000000000009,1.201157113107351,1,0,0.7307692307692307
330,13228,-1.6738705660827633,43,0.010000000000000009,1.2176353862119276,0,1,0.7619047619047619
331,13290,16.517439463498178,62,0.010000000000000009,1.2773332292995145,1,0,0.8387096774193549
332,13364,16.376593450859144,74,0.010000000000000009,1.2306496831210885,1,0,0.8108108108108109
333,13441,17.43636888723532,77,0.010000000000000009,1.1839952948805574,1,0,0.7894736842105263
334,13469,-2.48601739913371,28,0.010000000000000009,1.2528511402862412,0,1,0.5769230769230769
335,13532,15.808934485405134,63,0.010000000000000009,1.2123493561669,1,0,0.6825396825396826
336,13626,17.267755392364574,94,0.010000000000000009,1.2059698979905311,1,0,0.8494623655913979
337,13664,-0.9812297697938153,38,0.010000000000000009,1.2716463192513114,0,1,0.7105263157894737
338,13701,13.09513848749532,37,0.010000000000000009,1.2307493138957668,1,0,0.8378378378378378
339,13764,-2.5824414049113686,63,0.010000000000000009,1.153881341692001,0,1,0.6984126984126984
340,13814,-3.1326429631283426,50,0.010000000000000009,1.2175943064689636,0,1,0.7346938775510204
341,13902,18.04297521169201,88,0.010000000000000009,1.2181679714809766,1,0,0.8295454545454546
342,13938,-1.695609043186523,36,0.010000000000000009,1.221429134408633,0,1,0.6857142857142857
343,13998,16.032170722761926,60,0.010000000000000009,1.2259794726967812,1,0,0.8833333333333333
344,14064,15.822329771817488,66,0.010000000000000009,1.1939623829993335,1,0,0.7727272727272727
345,14127,16.820993692317675,63,0.010000000000000009,1.2315973327273415,1,0,0.7580645161290323
346,14196,16.84659306088474,69,0.010000000000000009,1.2102132141590118,1,0,0.7536231884057971
347,14244,-1.8726637894679734,48,0.010000000000000009,1.1925052373359601,0,1,0.7021276595744681
348,14308,16.73497870993669,64,0.010000000000000009,1.2196911186911166,1,0,0.765625
349,14348,-1.46740833593408,40,0.010000000000000009,1.2068263061344624,0,1,0.7
350,14410,14.790340200532647,62,0.010000000000000009,1.2148400396108627,1,0,0.8688524590163934
351,14505,18.470777884985395,95,0.010000000000000009,1.1621676397951026,1,0,0.8191489361702128
352,14541,13.289547579781633,36,0.010000000000000009,1.1511517382330365,1,0,0.8
353,14641,17.345627689119876,100,0.010000000000000009,1.168733349442482,1,0,0.8585858585858586
354,14681,-2.400765314055651,40,0.010000000000000009,1.1658439010381698,0,1,0.8
355,14757,17.424051739658882,76,0.010000000000000009,1.1982246629501645,1,0,0.868421052631579
356,14791,13.810354893444023,34,0.010000000000000009,1.1723887447048635,1,0,0.8125
357,14839,-1.3465727716651288,48,0.010000000000000009,1.2197046466171741,0,1,0.7083333333333334
358,14921,16.062682584918733,82,0.010000000000000009,1.160333193293432,1,0,0.6790123456790124
359,15003,14.938013815303034,82,0.010000000000000009,1.1759627526853142,1,0,0.8048780487804879
360,15060,15.460162628441921,57,0.010000000000000009,1.1693603161134218,1,0,0.6785714285714286
361,15111,15.500134210684086,51,0.010000000000000009,1.152834486727621,1,0,0.7254901960784313
362,15187,17.35205215619013,76,0.010000000000000009,1.1517354030358165,1,0,0.8947368421052632
363,15260,17.441072079932688,73,0.010000000000000009,1.1554267226833186,1,0,0.7971014492753623
364,15322,16.55349212514915,62,0.010000000000000009,1.1298429192073884,1,0,0.8032786885245902
365,15393,17.049093389643158,71,0.010000000000000009,1.1158177395102005,1,0,0.8985507246376812
366,15461,16.826945596381375,68,0.010000000000000009,1.1220741758451742,1,0,0.9264705882352942
367,15524,16.40601629544215,63,0.010000000000000009,1.1220195373845478,1,0,0.8225806451612904
368,15558,-3.0156519848515404,34,0.010000000000000009,1.05952568702838,0,1,0.6470588235294118
369,15601,14.058238823351655,43,0.010000000000000009,1.0850790080636046,1,0,0.9069767441860465
370,15680,16.504218399519853,79,0.010000000000000009,1.0651663651194754,1,0,0.8607594936708861
371,15742,15.79801059458762,62,0.010000000000000009,1.129872987827947,1,0,0.7540983606557377
372,15775,-3.0150894130323933,33,0.010000000000000009,1.1222394171989325,0,1,0.6060606060606061
373,15815,-1.808668918251878,40,0.010000000000000009,1.0606919698417188,0,1,0.7692307692307693
374,15869,13.737872150473892,54,0.010000000000000009,1.0483125387518495,1,0,0.9433962264150944
375,15910,13.599588593973436,41,0.010000000000000009,1.1190025850040157,1,0,0.8780487804878049
376,15990,3.206371629723721,80,0.010000000000000009,1.1437468398362398,0,1,0.875
377,16043,14.076095347630183,53,0.010000000000000009,1.1570115140024222,1,0,0.8113207547169812
378,16086,-1.6775619585233712,43,0.010000000000000009,1.129040266885314,0,1,0.7142857142857143
379,16167,17.474033713308806,81,0.010000000000000009,1.1373704377515816,1,0,0.8860759493670886
380,16223,15.839297646747546,56,0.010000000000000009,1.1226322475288595,1,0,0.7818181818181819
381,16279,15.660184555040686,56,0.010000000000000009,1.1248161510697432,1,0,0.7090909090909091
382,16355,16.55803745752584,76,0.010000000000000009,1.0879967989105928,1,0,0.881578947368421
383,16397,-2.5664483351220144,42,0.010000000000000009,1.1070366764352435,0,1,0.675
384,16470,16.45860438005168,73,0.010000000000000009,1.0769648849964142,1,0,0.8493150684931506
385,16534,16.75501557240443,64,0.010000000000000009,1.1055097472853959,1,0,0.84375
386,16598,16.189856048395203,64,0.010000000000000009,1.0929515552707016,1,0,0.640625
387,16654,13.563609679422008,56,0.010000000000000009,1.09539525530168,1,0,0.8181818181818182
388,16741,16.70997842483424,87,0.010000000000000009,1.0428566953231548,1,0,0.7976190476190477
389,16802,15.90728575532004,61,0.010000000000000009,1.07328525918429,1,0,0.7377049180327869
390,16840,14.14937262473315,38,0.010000000000000009,1.0519319553124278,1,0,0.8157894736842105
391,16903,15.192175498984485,63,0.010000000000000009,1.082240897511679,1,0,0.819672131147541
392,16959,-1.5148954397372325,56,0.010000000000000009,1.120132700140987,0,1,0.7142857142857143
393,16998,14.106966095660528,39,0.010000000000000009,1.110112150510152,1,0,0.7368421052631579
394,17061,14.023860526703825,63,0.010000000000000009,1.0634840977570368,1,0,0.7213114754098361
395,17103,14.301906683355583,42,0.010000000000000009,1.1208693448986327,1,0,0.8780487804878049
396,17160,15.042611973313706,57,0.010000000000000009,1.0847852789519126,1,0,0.7321428571428571
397,17221,15.647798312270428,61,0.010000000000000009,1.0398833912904146,1,0,0.7333333333333333
398,17262,-1.634124175329501,41,0.010000000000000009,1.0190617849187154,0,1,0.625
399,17322,16.37162306226093,60,0.010000000000000009,1.1137274314959844,1,0,0.8305084745762712
400,17359,13.786875528025785,37,0.010000000000000009,1.1039804042996586,1,0,0.8648648648648649
401,17407,14.789772095403627,48,0.010000000000000009,1.0450390974680583,1,0,0.7708333333333334
402,17451,12.142128760726454,44,0.010000000000000009,1.0280481990088115,1,0,0.8181818181818182
403,17500,14.772683300932657,49,0.010000000000000009,1.0402466302015343,1,0,0.673469387755102
404,17558,15.797289126128335,58,0.010000000000000009,1.048261952811274,1,0,0.7894736842105263
405,17628,15.686871611704362,70,0.010000000000000009,1.065843991296632,1,0,0.8405797101449275
406,17682,15.541058386966,54,0.010000000000000009,1.0625902326018721,1,0,0.5849056603773585
407,17752,17.332926466433364,70,0.010000000000000009,1.0952074195657457,1,0,0.8142857142857143
408,17803,15.537219499501507,51,0.010000000000000009,1.0316691340184678,1,0,0.7450980392156863
409,17866,16.996305898473388,63,0.010000000000000009,1.0467856947391752,1,0,0.7777777777777778
410,17925,16.407032747644937,59,0.010000000000000009,1.039663814892203,1,0,0.6724137931034483
411,17971,15.092841786620513,46,0.010000000000000009,1.1203105721784674,1,0,0.7555555555555555
412,18002,12.585907726024548,31,0.010000000000000009,1.048694509652353,1,0,0.8709677419354839
413,18048,14.391516511601235,46,0.010000000000000009,1.047888519971267,1,0,0.7906976744186046
414,18130,17.668222902529997,82,0.010000000000000009,1.0506669977089254,1,0,0.7777777777777778
415,18191,16.668959503331735,61,0.010000000000000009,1.0351300205363603,1,0,0.7213114754098361
416,18262,17.586780371435314,71,0.010000000000000009,1.0465992936785793,1,0,0.7323943661971831
417,18334,17.38490214950364,72,0.010000000000000009,1.0890845826102629,1,0,0.7361111111111112
418,18423,17.28422128572782,89,0.010000000000000009,1.0794670056091267,1,0,0.7386363636363636
419,18490,16.60461039377652,67,0.010000000000000009,1.0853304916353368,1,0,0.835820895522388
420,18559,16.2408728003133,69,0.010000000000000009,1.0287650905657506,1,0,0.8382352941176471
421,18642,16.546999728249,83,0.010000000000000009,1.0581710008253533,1,0,0.8554216867469879
422,18700,13.748036509207898,58,0.010000000000000009,1.0328190568192253,1,0,0.7543859649122807
423,18757,15.719488422756605,57,0.010000000000000009,1.0373122869876392,1,0,0.8070175438596491
424,18830,17.037355615768618,73,0.010000000000000009,1.0036698077639488,1,0,0.6619718309859155
425,18883,15.601321411423505,53,0.010000000000000009,1.016371024104784,1,0,0.6981132075471698
426,18942,15.599486171911444,59,0.010000000000000009,1.018343700695846,1,0,0.7457627118644068
427,19008,17.23285274543489,66,0.010000000000000009,1.0618649901765767,1,0,0.7575757575757576
428,19050,14.229752935963617,42,0.010000000000000009,1.0727285011893226,1,0,0.7073170731707317
429,19107,15.304153454561522,57,0.010000000000000009,1.0298821309156585,1,0,0.7894736842105263
430,19203,16.941309961859204,96,0.010000000000000009,1.0188929714883368,1,0,0.8105263157894737
431,19250,15.308240321197275,47,0.010000000000000009,1.0064542452071576,1,0,0.717391304347826
432,19277,12.566982453841746,27,0.010000000000000009,0.9888812667793698,1,0,0.8518518518518519
433,19368,16.361099119730653,91,0.010000000000000009,1.0342045442743615,1,0,0.8426966292134831
434,19415,14.644237493946887,47,0.010000000000000009,1.0655688992206087,1,0,0.7446808510638298
435,19497,15.898562757903127,82,0.010000000000000009,0.9927653361384462,1,0,0.7160493827160493
436,19559,15.832573814886883,62,0.010000000000000009,0.9904356199887491,1,0,0.7868852459016393
437,19640,18.148295627852193,81,0.010000000000000009,0.9870847360587415,1,0,0.8888888888888888
438,19678,13.711308089288295,38,0.010000000000000009,1.0357437431812286,1,0,0.8421052631578947
439,19746,16.726396165494897,68,0.010000000000000009,1.0017927240799456,1,0,0.6911764705882353
440,19808,15.134205945632683,62,0.010000000000000009,0.9986913040761025,1,0,0.7213114754098361
441,19876,16.750020122844433,68,0.010000000000000009,1.003306756124777,1,0,0.8208955223880597
442,19926,13.309219982447331,50,0.010000000000000009,1.0018123805522918,1,0,0.92
443,19956,-3.297932201149154,30,0.010000000000000009,0.969704532623291,0,1,0.7586206896551724
444,20033,17.758744139101715,77,0.010000000000000009,0.98587856045017,1,0,0.8831168831168831
445,20108,16.16804709191302,75,0.010000000000000009,0.9818086989720662,1,0,0.7027027027027027
446,20181,17.507637919749666,73,0.010000000000000009,0.9504381544785957,1,0,0.8194444444444444
447,20217,11.573772544282761,36,0.010000000000000009,0.9745522994134161,1,0,0.8333333333333334
448,20286,15.986687201736597,69,0.010000000000000009,0.9828545770783356,1,0,0.7391304347826086
449,20359,16.108442465518976,73,0.010000000000000009,0.9475423616089232,1,0,0.6944444444444444
450,20459,0.5125558262048294,100,0.010000000000000009,0.9733051306009293,0,0,0.84
451,20512,15.299610781525889,53,0.010000000000000009,1.0247414286406535,1,0,0.6730769230769231
452,20580,16.02974256202372,68,0.010000000000000009,1.0115776934167917,1,0,0.8088235294117647
453,20660,17.729734617409587,80,0.010000000000000009,1.025440827012062,1,0,0.9113924050632911
454,20745,18.56013831222952,85,0.010000000000000009,1.006149176639669,1,0,0.8809523809523809
455,20812,15.601632328828762,67,0.010000000000000009,0.9743330696625496,1,0,0.6865671641791045
456,20891,16.665026117466827,79,0.010000000000000009,0.9749258556697942,1,0,0.7564102564102564
457,20959,16.84390817576747,68,0.010000000000000009,0.9801020657314974,1,0,0.7794117647058824
458,21040,15.371406264989918,81,0.010000000000000009,0.9482532397464469,1,0,0.8148148148148148
459,21095,15.723445985588171,55,0.010000000000000009,0.9388263892043721,1,0,0.9454545454545454
460,21180,18.88834662694519,85,0.010000000000000009,0.9841902771416833,1,0,0.7294117647058823
461,21252,15.542324419463895,72,0.010000000000000009,0.9450414516031742,1,0,0.8028169014084507
462,21322,16.267397111629595,70,0.010000000000000009,0.9432322834219251,1,0,0.782608695652174
463,21359,13.177250937559702,37,0.010000000000000009,0.9643167966120952,1,0,0.918918918918919
464,21390,13.36047213296444,31,0.010000000000000009,0.9532333727805845,1,0,0.6774193548387096
465,21423,12.868224849657185,33,0.010000000000000009,0.9123472345597816,1,0,0.7575757575757576
466,21495,15.708341101989785,72,0.010000000000000009,0.9533659070730209,1,0,0.6944444444444444
467,21554,15.499894722690087,59,0.010000000000000009,0.8989098920660504,1,0,0.8620689655172413
468,21639,18.65416835010661,85,0.010000000000000009,0.9180386185646057,1,0,0.8452380952380952
469,21688,12.993428605145034,49,0.010000000000000009,0.9114947100074924,1,0,0.7959183673469388
470,21776,18.163177178551663,88,0.010000000000000009,0.9294355487958952,1,0,0.7816091954022989
471,21829,13.388261835053974,53,0.010000000000000009,0.9089357987889704,1,0,0.8867924528301887
472,21914,18.285122597026085,85,0.010000000000000009,0.9382351843749775,1,0,0.8470588235294118
473,21980,16.32845549510274,66,0.010000000000000009,0.9262363018863129,1,0,0.7272727272727273
474,22046,16.408469710855144,66,0.010000000000000009,0.9310553841518633,1,0,0.8484848484848485
475,22112,16.319553007897497,66,0.010000000000000009,0.9364096097873919,1,0,0.6825396825396826
476,22181,16.447352789451962,69,0.010000000000000009,0.9197848948879518,1,0,0.7910447761194029
477,22241,16.014925484892952,60,0.010000000000000009,0.9425629923741022,1,0,0.7457627118644068
478,22274,13.080478420453847,33,0.010000000000000009,0.9379667350740144,1,0,0.7096774193548387
479,22351,17.842232975069177,77,0.010000000000000009,0.9321458355172888,1,0,0.6666666666666666
480,22424,16.775092236781227,73,0.010000000000000009,0.9395992388464001,1,0,0.821917808219178
481,22500,17.750561046571537,76,0.010000000000000009,0.8865121720652831,1,0,0.76
482,22539,14.343764604053758,39,0.010000000000000009,0.9050351075637035,1,0,0.5384615384615384
483,22615,16.444980805642828,76,0.010000000000000009,0.9090235162722436,1,0,0.7368421052631579
484,22651,-1.7369262132081311,36,0.010000000000000009,0.8959946632385254,0,1,0.8611111111111112
485,22708,15.282033504815175,57,0.010000000000000009,0.8845615617015905,1,0,0.875
486,22764,15.388362895986383,56,0.010000000000000009,0.893680600715535,1,0,0.8214285714285714
487,22819,15.151711077091512,55,0.010000000000000009,0.8761430095542561,1,0,0.7454545454545455
488,22870,15.05068183261007,51,0.010000000000000009,0.8524871947718602,1,0,0.7843137254901961
489,22932,13.830797022243278,62,0.010000000000000009,0.9076525693939578,1,0,0.8064516129032258
490,22967,-3.144045465568679,35,0.010000000000000009,0.9116335945469992,0,1,0.7428571428571429
491,23021,14.985546873260233,54,0.010000000000000009,0.874986669531575,1,0,0.7777777777777778
492,23086,15.56811953132077,65,0.010000000000000009,0.9031410969220675,1,0,0.7846153846153846
493,23157,17.382880689122853,71,0.010000000000000009,0.8732014558684658,1,0,0.7605633802816901
494,23220,15.261035254219845,63,0.010000000000000009,0.8689569707900758,1,0,0.6984126984126984
495,23285,14.789012492959795,65,0.010000000000000009,0.866482563660695,1,0,0.75
496,23336,15.489040871063894,51,0.010000000000000009,0.9062274016586005,1,0,0.6862745098039216
497,23423,18.122092149845667,87,0.010000000000000009,0.8927409556405298,1,0,0.8255813953488372
498,23484,15.417677068189889,61,0.010000000000000009,0.8885845180417671,1,0,0.8
499,23553,15.135196686513343,69,0.010000000000000009,0.859428159136703,1,0,0.7205882352941176
500,23612,15.559700727021667,59,0.010000000000000009,0.8920615456872067,1,0,0.711864406779661
501,23660,14.587471638510277,48,0.010000000000000009,0.8860852488627037,1,0,0.8723404255319149
502,23722,16.516596767544947,62,0.010000000000000009,0.8805580821729475,1,0,0.7377049180327869
503,23782,15.824016337126364,60,0.010000000000000009,0.8716016794244449,1,0,0.8135593220338984
504,23852,16.262608753722464,70,0.010000000000000009,0.875870355112212,1,0,0.7857142857142857
505,23931,17.284717628856086,79,0.010000000000000009,0.8709166087681735,1,0,0.8461538461538461
506,23955,12.269158574512806,24,0.010000000000000009,0.8834777524073919,1,0,0.875
507,24036,16.032139601162363,81,0.010000000000000009,0.8660267602514338,1,0,0.7625
508,24071,-2.966854536151402,35,0.010000000000000009,0.8799496948719024,0,1,0.8
509,24147,17.041573139464703,76,0.010000000000000009,0.8592519822873568,1,0,0.8
510,24188,13.922141845212838,41,0.010000000000000009,0.8339136998827864,1,0,0.7894736842105263
511,24253,16.11500705399803,65,0.010000000000000009,0.8490509276206677,1,0,0.8253968253968254
512,24320,15.740940760501903,67,0.010000000000000009,0.8369721214273083,1,0,0.7575757575757576
513,24417,3.3524308286315474,97,0.010000000000000009,0.8430379463225296,0,1,0.845360824742268
514,24484,16.88386438434468,67,0.010000000000000009,0.82822444879297,1,0,0.835820895522388
515,24557,17.36369527790495,73,0.010000000000000009,0.8228975603841755,1,0,0.8767123287671232
516,24642,17.557842214571423,85,0.010000000000000009,0.8564938089426826,1,0,0.8452380952380952
517,24691,-1.4456025745737695,49,0.010000000000000009,0.8262730496270316,0,1,0.6938775510204082
518,24757,15.332959865490672,66,0.010000000000000009,0.8569680325912706,1,0,0.7272727272727273
519,24780,-2.930141973654997,23,0.010000000000000009,0.8433591334716134,0,1,0.782608695652174
520,24820,13.806760398883853,40,0.010000000000000009,0.8356627181172371,1,0,0.8717948717948718
521,24878,13.854910534820306,58,0.010000000000000009,0.8263179120318643,1,0,0.7321428571428571
522,24959,18.112788108973184,81,0.010000000000000009,0.8197468219347942,1,0,0.85
523,24978,11.19504152207653,19,0.010000000000000009,0.8746003649736706,1,0,0.8421052631578947
524,25062,17.828244114711435,84,0.010000000000000009,0.8085579159004348,1,0,0.7976190476190477
525,25137,16.822937144419075,75,0.010000000000000009,0.7978810467322668,1,0,0.8243243243243243
526,25205,15.356636634552665,68,0.010000000000000009,0.8114383978878751,1,0,0.7846153846153846
527,25278,17.611608552846835,73,0.010000000000000009,0.7996222687094179,1,0,0.8450704225352113
528,25309,13.338369589312975,31,0.010000000000000009,0.7955985184638731,1,0,0.6129032258064516
529,25348,13.66198069735696,39,0.010000000000000009,0.8071213700832465,1,0,0.9473684210526315
530,25401,16.086824183335256,53,0.010000000000000009,0.8130710406123467,1,0,0.7547169811320755
531,25473,16.426303530043242,72,0.010000000000000009,0.8208372700545523,1,0,0.6666666666666666
532,25530,14.78395811672516,57,0.010000000000000009,0.8195968699036983,1,0,0.8363636363636363
533,25612,17.327376313752787,82,0.010000000000000009,0.8020802985240774,1,0,0.8589743589743589
534,25665,15.096462636971971,53,0.010000000000000009,0.8030898503537448,1,0,0.7692307692307693
535,25727,16.193069331311786,62,0.010000000000000009,0.8146400917922297,1,0,0.7540983606557377
536,25767,13.701668039405078,40,0.010000000000000009,0.7969753853976727,1,0,0.725
537,25830,16.03600517621289,63,0.010000000000000009,0.8036799189590272,1,0,0.7258064516129032
538,25885,15.675802394283686,55,0.010000000000000009,0.8090652119029652,1,0,0.7636363636363637
539,25943,15.617842115645427,58,0.010000000000000009,0.8341001154019915,1,0,0.8103448275862069
540,26013,17.221062150998122,70,0.010000000000000009,0.7952212797743934,1,0,0.8428571428571429
541,26081,16.811038333230748,68,0.010000000000000009,0.7922088852261796,1,0,0.7205882352941176
542,26112,-3.055493282676819,31,0.010000000000000009,0.7837849956366324,0,1,0.8275862068965517
543,26184,16.70959502300316,72,0.010000000000000009,0.7859747254600128,1,0,0.8028169014084507
544,26210,12.685687325900759,26,0.010000000000000009,0.7671626943808335,1,0,0.46153846153846156
545,26272,15.979948292923988,62,0.010000000000000009,0.7677805072838261,1,0,0.7580645161290323
546,26337,17.146481504386564,65,0.010000000000000009,0.7653403891966893,1,0,0.7230769230769231
547,26415,17.47818004882228,78,0.010000000000000009,0.7742324161988038,1,0,0.8311688311688312
548,26488,16.92433115322984,73,0.010000000000000009,0.7467667813578697,1,0,0.8194444444444444
549,26535,12.360154802975135,47,0.010000000000000009,0.7489079192597815,1,0,0.9148936170212766
550,26585,13.572976330624858,50,0.010000000000000009,0.745253886282444,1,0,0.8085106382978723
551,26620,13.201333075077423,35,0.010000000000000009,0.7435376686709267,1,0,0.9714285714285714
552,26698,16.749402106823883,78,0.010000000000000009,0.72168339884434,1,0,0.8181818181818182
553,26783,17.786434060831724,85,0.010000000000000009,0.741157801361645,1,0,0.8333333333333334
554,26849,17.071144855941416,66,0.010000000000000009,0.7442609828078386,1,0,0.8125
555,26890,14.085367857161902,41,0.010000000000000009,0.7268029698511449,1,0,0.6341463414634146
556,26969,18.856157398600647,79,0.010000000000000009,0.719090909520282,1,0,0.8051948051948052
557,27037,16.03812016294008,68,0.010000000000000009,0.7092920053092873,1,0,0.7313432835820896
558,27100,14.64266141426996,63,0.010000000000000009,0.724035722159204,1,0,0.7936507936507936
559,27184,16.851277233637543,84,0.010000000000000009,0.7036944310225192,1,0,0.7439024390243902
560,27223,-1.8102287608563596,39,0.010000000000000009,0.7088964077142569,0,1,0.7368421052631579
561,27269,14.377673864133033,46,0.010000000000000009,0.7614964778008668,1,0,0.7777777777777778
562,27298,12.99029370276265,29,0.010000000000000009,0.7003900526926435,1,0,0.6551724137931034
563,27368,16.643378256814145,70,0.010000000000000009,0.7184915059379169,1,0,0.7681159420289855
564,27420,13.882238648862401,52,0.010000000000000009,0.7045460128440306,1,0,0.7058823529411765
565,27471,12.797095479197623,51,0.010000000000000009,0.7095604126944262,1,0,0.803921568627451
566,27571,6.535453644216875,100,0.010000000000000009,0.7151477605104446,0,0,0.7857142857142857
567,27628,13.906891327656274,57,0.010000000000000009,0.7317804861487004,1,0,0.8245614035087719
568,27720,17.36738867864378,92,0.010000000000000009,0.704080420019834,1,0,0.7362637362637363
569,27771,15.366785303898657,51,0.010000000000000009,0.7385084106057298,1,0,0.74
570,27833,16.192674509668556,62,0.010000000000000009,0.7005944328923379,1,0,0.8360655737704918
571,27870,-1.7592916636809361,37,0.010000000000000009,0.6978788029503178,0,1,0.5945945945945946
572,27905,12.787599001826788,35,0.010000000000000009,0.7260938478367669,1,0,0.7714285714285715
573,27948,-1.8613863799431472,43,0.010000000000000009,0.7195000163344449,0,1,0.8536585365853658
574,28004,15.579726482750893,56,0.010000000000000009,0.6974784835640874,1,0,0.8214285714285714
575,28066,15.249295525975711,62,0.010000000000000009,0.730587639635609,1,0,0.7258064516129032
576,28125,14.547233959062652,59,0.010000000000000009,0.7481916001287557,1,0,0.7288135593220338
577,28211,17.848451705229678,86,0.010000000000000009,0.7373825682457104,1,0,0.7674418604651163
578,28264,-0.8600484129347796,53,0.010000000000000009,0.7228723207734665,0,1,0.7924528301886793
579,28332,16.672741541265378,68,0.010000000000000009,0.7088861570638769,1,0,0.7941176470588235
580,28398,15.344494764184986,66,0.010000000000000009,0.7428326672225287,1,0,0.7121212121212122
581,28473,17.680208057050578,75,0.010000000000000009,0.748146782318751,1,0,0.7945205479452054
582,28528,14.058487952774268,55,0.010000000000000009,0.6904246159575202,1,0,0.7777777777777778
583,28586,15.770647570035912,58,0.010000000000000009,0.6987635408496035,1,0,0.7413793103448276
584,28655,16.52710849835901,69,0.010000000000000009,0.7338917326668034,1,0,0.7058823529411765
585,28705,15.452837005858463,50,0.010000000000000009,0.7452669495344162,1,0,0.76
586,28782,15.738936763178177,77,0.010000000000000009,0.7051263606393492,1,0,0.8157894736842105
587,28816,-2.165150562836223,34,0.010000000000000009,0.7148497350075665,0,1,1.0
588,28883,16.49230527509146,67,0.010000000000000009,0.7346055952470694,1,0,0.7313432835820896
589,28932,13.853670582813118,49,0.010000000000000009,0.7705841183054204,1,0,0.851063829787234
590,28970,13.67490985945539,38,0.010000000000000009,0.7701344666512389,1,0,0.8648648648648649
591,29035,16.097644594103315,65,0.010000000000000009,0.7409012409356924,1,0,0.7846153846153846
592,29096,16.126910621312213,61,0.010000000000000009,0.7154281127159713,1,0,0.7166666666666667
593,29183,18.110275829837004,87,0.010000000000000009,0.7079720481716353,1,0,0.7558139534883721
594,29217,13.775445012112694,34,0.010000000000000009,0.6950983137768858,1,0,0.7647058823529411
595,29269,15.116153782169178,52,0.010000000000000009,0.6970986382892499,1,0,0.803921568627451
596,29338,15.67842371557181,69,0.010000000000000009,0.7439780081959738,1,0,0.7761194029850746
597,29421,16.78854575674187,83,0.010000000000000009,0.7020556671791766,1,0,0.7804878048780488
598,29482,16.0888503698697,61,0.010000000000000009,0.704593680188304,1,0,0.7666666666666667
599,29550,15.75225182801421,68,0.010000000000000009,0.7152429501361707,1,0,0.7205882352941176
600,29586,-1.4426026587896974,36,0.010000000000000009,0.7880401553379165,0,1,0.8333333333333334
601,29672,17.534381630607776,86,0.010000000000000009,0.7426726251494052,1,0,0.8255813953488372
602,29757,15.660989754820598,85,0.010000000000000009,0.7520623193067663,1,0,0.7764705882352941
603,29782,11.728105601693445,25,0.010000000000000009,0.7664471656084061,1,0,0.76
604,29832,12.068312535355227,50,0.010000000000000009,0.6912746182084084,1,0,0.94
605,29896,16.31636962584952,64,0.010000000000000009,0.716725321020931,1,0,0.78125
606,29970,16.90788370452795,74,0.010000000000000009,0.7601933396748595,1,0,0.7671232876712328
607,30008,14.081635604026012,38,0.010000000000000009,0.7992613778302544,1,0,0.7894736842105263
608,30082,17.111687937263813,74,0.010000000000000009,0.7478590249209791,1,0,0.8108108108108109
609,30142,16.184643924296623,60,0.010000000000000009,0.739159454156955,1,0,0.7796610169491526
610,30202,16.55070642543474,60,0.010000000000000009,0.7558574388424556,1,0,0.7796610169491526
611,30265,16.526273348109818,63,0.010000000000000009,0.8009679490138614,1,0,0.6935483870967742
612,30312,-0.8958080798162733,47,0.010000000000000009,0.7474631251806908,0,1,0.6170212765957447
613,30352,13.959328372256643,40,0.010000000000000009,0.7380234513431787,1,0,0.65
614,30412,16.33218833207024,60,0.010000000000000009,0.7926577332119147,1,0,0.847457627118644
615,30468,15.093992850419438,56,0.010000000000000009,0.7624086639178651,1,0,0.8571428571428571
616,30522,13.183805811334746,54,0.010000000000000009,0.7552605745968995,1,0,0.8076923076923077
617,30595,17.00537746310463,73,0.010000000000000009,0.7358119099924009,1,0,0.7945205479452054
618,30643,-1.2696339622283666,48,0.010000000000000009,0.7250627574200431,0,1,0.6666666666666666
619,30712,15.657174164005461,69,0.010000000000000009,0.8182648448408514,1,0,0.7230769230769231
620,30770,14.581849515828123,58,0.010000000000000009,0.7211609246401951,1,0,0.7758620689655172
621,30860,18.32913275649272,90,0.010000000000000009,0.7601962195502387,1,0,0.9090909090909091
622,30933,18.029819655037407,73,0.010000000000000009,0.7243707427015044,1,0,0.8082191780821918
623,30989,16.069955235942444,56,0.010000000000000009,0.7280834758920329,1,0,0.7142857142857143
624,31055,16.464539871011524,66,0.010000000000000009,0.7455563811641751,1,0,0.7878787878787878
625,31148,17.918074905946114,93,0.010000000000000009,0.7557787031576197,1,0,0.7634408602150538
626,31187,11.169953490124826,39,0.010000000000000009,0.7009619069405091,1,0,0.8421052631578947
627,31250,14.51131825382953,63,0.010000000000000009,0.742404199781872,1,0,0.7580645161290323
628,31288,-1.8496475093480567,38,0.010000000000000009,0.718899956267131,0,1,0.7368421052631579
629,31337,-1.8665379760657896,49,0.010000000000000009,0.776667693439795,0,1,0.7708333333333334
630,31390,15.023587572727877,53,0.010000000000000009,0.7978390851673091,1,0,0.8301886792452831
631,31428,14.169790639140787,38,0.010000000000000009,0.7703426660675752,1,0,0.7105263157894737
632,31480,14.898206768292725,52,0.010000000000000009,0.7461895309388638,1,0,0.6730769230769231
633,31563,16.92230951502293,83,0.010000000000000009,0.7558514847453818,1,0,0.6987951807228916
634,31607,-1.513174632930935,44,0.010000000000000009,0.7394745343110778,0,1,0.75
635,31689,17.78832101494919,82,0.010000000000000009,0.7639104649424553,1,0,0.7777777777777778
636,31733,14.663958604077123,44,0.010000000000000009,0.7804113518108021,1,0,0.7727272727272727
637,31818,16.937828854900978,85,0.010000000000000009,0.8498929719714557,1,0,0.7380952380952381
638,31878,15.56579944172483,60,0.010000000000000009,0.7844266953567663,1,0,0.7666666666666667
639,31949,15.88292658841943,71,0.010000000000000009,0.854273765649594,1,0,0.7323943661971831
640,32024,17.255915292534866,75,0.010000000000000009,0.8638203821579615,1,0,0.7333333333333333
641,32099,17.204494215896098,75,0.010000000000000009,0.8222694937388102,1,0,0.7466666666666667
642,32181,17.459918252828604,82,0.010000000000000009,0.8181516797077365,1,0,0.8170731707317073
643,32220,13.39345945446488,39,0.010000000000000009,0.8067696228241309,1,0,0.7692307692307693
644,32277,13.724846840897452,57,0.010000000000000009,0.8181140924754896,1,0,0.8571428571428571
645,32328,-1.749236331770096,51,0.010000000000000009,0.7396879093904122,0,1,0.7254901960784313
646,32423,17.56342291517744,95,0.010000000000000009,0.8470459095741573,1,0,0.6774193548387096
647,32471,14.778887421686184,48,0.010000000000000009,0.8734677986552318,1,0,0.7872340425531915
648,32567,18.380415850951408,96,0.010000000000000009,0.8217032741134366,1,0,0.7684210526315789
649,32637,16.06081617815284,70,0.010000000000000009,0.8736882228936468,1,0,0.6323529411764706
650,32680,-2.2412121014274775,43,0.010000000000000009,0.8668410906264948,0,1,0.7906976744186046
651,32741,15.42577596825364,61,0.010000000000000009,0.8118746639763723,1,0,0.65
652,32795,16.050188622894744,54,0.010000000000000009,0.8590840377189495,1,0,0.7547169811320755
653,32834,-1.767871028739104,39,0.010000000000000009,0.8397668844614273,0,1,0.6052631578947368
654,32921,17.111712972437054,87,0.010000000000000009,0.8530833870172501,1,0,0.7441860465116279
655,32984,16.26738589519901,63,0.010000000000000009,0.8153040482411309,1,0,0.7741935483870968
656,33053,16.917012866763475,69,0.010000000000000009,0.8768276762271273,1,0,0.7391304347826086
657,33111,16.88765903183796,58,0.010000000000000009,0.8808949127279478,1,0,0.7758620689655172
658,33193,18.013295395159858,82,0.010000000000000009,0.8108271545753246,1,0,0.7654320987654321
659,33236,11.500986803793172,43,0.010000000000000009,0.842241513867711,1,0,0.9047619047619048
660,33293,15.76687889800651,57,0.010000000000000009,0.8496769431390261,1,0,0.6428571428571429
661,33357,16.69331783322951,64,0.010000000000000009,0.836008628597483,1,0,0.6451612903225806
662,33390,-2.269331624943298,33,0.010000000000000009,0.8543029707489591,0,1,0.696969696969697
663,33442,15.417504693155333,52,0.010000000000000009,0.8576453872598134,1,0,0.6153846153846154
664,33495,13.693754870934338,53,0.010000000000000009,0.7486972193110664,1,0,0.7735849056603774
665,33527,-1.6407278558483767,32,0.010000000000000009,0.8431628230027854,0,1,0.6875
666,33562,-1.71147592945315,35,0.010000000000000009,0.8350694996970041,0,1,0.6857142857142857
667,33625,16.66273539113541,63,0.010000000000000009,0.9371992659474176,1,0,0.7666666666666667
668,33716,17.441176339454753,91,0.010000000000000009,0.886798891556132,1,0,0.6923076923076923
669,33786,16.4439060017838,70,0.010000000000000009,0.8345205228243555,1,0,0.6764705882352942
670,33872,18.15570988612074,86,0.010000000000000009,0.8789353774384011,1,0,0.7441860465116279
671,33923,14.863374958131935,51,0.010000000000000009,0.8537751415780946,1,0,0.6938775510204082
672,34004,18.0943891499302,81,0.010000000000000009,0.8644706128556051,1,0,0.7654320987654321
673,34065,14.004223761212106,61,0.010000000000000009,0.8731766536099012,1,0,0.5573770491803278
674,34151,18.54814280858738,86,0.010000000000000009,0.8228887581201487,1,0,0.7441860465116279
675,34236,16.300867324844237,85,0.010000000000000009,0.8646515446550705,1,0,0.7058823529411765
676,34300,16.053916699881327,64,0.010000000000000009,0.8465840255375952,1,0,0.8125
677,34358,15.660878311439422,58,0.010000000000000009,0.8017494991935533,1,0,0.7586206896551724
678,34385,12.742471260091227,27,0.010000000000000009,0.804445509005476,1,0,0.9259259259259259
679,34432,-2.506083441598509,47,0.010000000000000009,0.8405577556249944,0,1,0.7021276595744681
680,34497,14.755997393698603,65,0.010000000000000009,0.8470275136140677,1,0,0.6461538461538462
681,34578,17.568975073929302,81,0.010000000000000009,0.8509944105221902,1,0,0.7777777777777778
682,34661,17.35424915679314,83,0.010000000000000009,0.8616656964442816,1,0,0.7560975609756098
683,34738,16.648319983616783,77,0.010000000000000009,0.8166562860662286,1,0,0.7532467532467533
684,34797,16.75198969061967,59,0.010000000000000009,0.7919420668129193,1,0,0.7457627118644068
685,34831,13.335179422435445,34,0.010000000000000009,0.7653641433400267,1,0,0.7058823529411765
686,34888,16.848555950783737,57,0.010000000000000009,0.7914716820967825,1,0,0.75
687,34922,-2.830143005296459,34,0.010000000000000009,0.8843262730275884,0,1,0.7878787878787878
688,35000,16.89529299627652,78,0.010000000000000009,0.9393668810908611,1,0,0.7435897435897436
689,35041,14.276339941763323,41,0.010000000000000009,0.8502668803784905,1,0,0.7560975609756098
690,35097,16.191738300778447,56,0.010000000000000009,0.90873098240367,1,0,0.7962962962962963
691,35139,-1.464562795829555,42,0.010000000000000009,0.8888555371335575,0,1,0.7380952380952381
692,35204,16.372102883434746,65,0.010000000000000009,0.9060973366865746,1,0,0.8769230769230769
693,35280,15.49158846381261,76,0.010000000000000009,0.9418262786378986,1,0,0.7763157894736842
694,35319,14.172871690225177,39,0.010000000000000009,0.8870145067190512,1,0,0.6842105263157895
695,35393,16.43935388074738,74,0.010000000000000009,0.8787715517588564,1,0,0.7567567567567568
696,35428,13.499069453304532,35,0.010000000000000009,0.8830691150256565,1,0,0.7647058823529411
697,35489,16.149910345751433,61,0.010000000000000009,0.8900512701175252,1,0,0.7540983606557377
698,35552,14.55462383669033,63,0.010000000000000009,0.8354627466391004,1,0,0.8412698412698413
699,35637,17.11085953485133,85,0.010000000000000009,0.83362576751148,1,0,0.788235294117647
700,35698,16.489247168048202,61,0.010000000000000009,0.8642410660376314,1,0,0.7213114754098361
701,35778,18.061963400728814,80,0.010000000000000009,0.8660565618425607,1,0,0.7848101265822784
702,35842,16.31270390762445,64,0.010000000000000009,0.8874982239212841,1,0,0.84375
703,35928,17.97824942264839,86,0.010000000000000009,0.8239769453919211,1,0,0.7209302325581395
704,35992,16.410762628698144,64,0.010000000000000009,0.8736528542358428,1,0,0.734375
705,36080,18.133488505086934,88,0.010000000000000009,0.8725279159843922,1,0,0.8522727272727273
706,36123,14.185936532402497,43,0.010000000000000009,0.8228706668975742,1,0,0.8372093023255814
707,36176,13.42974586575168,53,0.010000000000000009,0.8712829056213487,1,0,0.7169811320754716
708,36233,15.989575590546028,57,0.010000000000000009,0.8669091301006183,1,0,0.6666666666666666
709,36260,12.542947424552839,27,0.010000000000000009,0.9003925660142192,1,0,0.5925925925925926
710,36314,15.62949629566651,54,0.010000000000000009,0.9140640455815527,1,0,0.7735849056603774
711,36384,17.281382816623548,70,0.010000000000000009,0.8798361961330686,1,0,0.7
712,36440,16.43103453202247,56,0.010000000000000009,0.8756096695682832,1,0,0.7321428571428571
713,36500,14.693290319435365,60,0.010000000000000009,0.8727016871174177,1,0,0.6949152542372882
714,36567,15.607559158878797,67,0.010000000000000009,0.8899973581975965,1,0,0.8307692307692308
715,36658,17.98122080446492,91,0.010000000000000009,0.8639989495277405,1,0,0.797752808988764
716,36739,18.2651295432878,81,0.010000000000000009,0.8494983845286899,1,0,0.825
717,36794,15.233161632090276,55,0.010000000000000009,0.8312938243150712,1,0,0.5849056603773585
718,36875,16.272358962014547,81,0.010000000000000009,0.8354164869697006,1,0,0.7625
719,36939,16.894648598940975,64,0.010000000000000009,0.8385480875149369,1,0,0.6984126984126984
720,37001,16.907879928854356,62,0.010000000000000009,0.8838605335162532,1,0,0.7258064516129032
721,37070,16.28011757668085,69,0.010000000000000009,0.8631394712821298,1,0,0.8115942028985508
722,37137,17.05218194235062,67,0.010000000000000009,0.8516008960666941,1,0,0.7727272727272727
723,37214,17.95236613462946,77,0.010000000000000009,0.8872568969215665,1,0,0.7532467532467533
724,37243,-2.8415488522762598,29,0.010000000000000009,0.8195409004030556,0,1,0.6785714285714286
725,37299,15.796013064859801,56,0.010000000000000009,0.9125954966459956,1,0,0.6964285714285714
726,37351,15.032452875966667,52,0.010000000000000009,0.8564298900847251,1,0,0.6470588235294118
727,37431,16.50079934584407,80,0.010000000000000009,0.8974620711058379,1,0,0.8974358974358975
728,37486,15.920976054670053,55,0.010000000000000009,0.9074400286782872,1,0,0.8333333333333334
729,37530,14.564206331584332,44,0.010000000000000009,0.875594905831597,1,0,0.7954545454545454
730,37584,16.178534604550492,54,0.010000000000000009,0.8978616611825095,1,0,0.7962962962962963
731,37661,16.10042497605104,77,0.010000000000000009,0.8781724121276434,1,0,0.7702702702702703
732,37736,16.455836866844777,75,0.010000000000000009,0.898062451283137,1,0,0.76
733,37797,16.17178587786013,61,0.010000000000000009,0.9108996462137973,1,0,0.7213114754098361
734,37862,15.551919053461205,65,0.010000000000000009,0.8880119215983611,1,0,0.765625
735,37942,17.390648548236385,80,0.010000000000000009,0.9190115416422486,1,0,0.7625
736,37993,15.489084227332384,51,0.010000000000000009,0.8806984509323158,1,0,0.6
737,38072,17.227886608072406,79,0.010000000000000009,0.8687881182266187,1,0,0.7848101265822784
738,38095,-2.5107983005458694,23,0.010000000000000009,0.8006011195804762,0,1,0.7391304347826086
739,38159,15.929789436945917,64,0.010000000000000009,0.8567017379682511,1,0,0.6774193548387096
740,38200,14.086017004050305,41,0.010000000000000009,0.9688889060805483,1,0,0.8292682926829268
741,38271,16.77918773969122,71,0.010000000000000009,0.8835035675848034,1,0,0.7142857142857143
742,38358,16.148426348244158,87,0.010000000000000009,0.8367865476114996,1,0,0.8735632183908046
743,38380,-2.8043404468493804,22,0.010000000000000009,0.8960533352060751,0,1,0.8095238095238095
744,38442,16.018064664125852,62,0.010000000000000009,0.897916643850265,1,0,0.7166666666666667
745,38494,14.861381947565286,52,0.010000000000000009,0.8647399031772063,1,0,0.803921568627451
746,38565,15.098976129871657,71,0.010000000000000009,0.8705312091280037,1,0,0.9154929577464789
747,38623,15.411531577345816,58,0.010000000000000009,0.7912501217476253,1,0,0.6724137931034483
748,38684,16.57666108223509,61,0.010000000000000009,0.8889779939514691,1,0,0.9180327868852459
749,38732,15.259842605386318,48,0.010000000000000009,0.952207732014358,1,0,0.8958333333333334
750,38794,16.48112440924648,62,0.010000000000000009,0.8189883395548789,1,0,0.7903225806451613
751,38877,17.69424854714017,83,0.010000000000000009,0.777429131678788,1,0,0.7951807228915663
752,38944,16.8872229340215,67,0.010000000000000009,0.8000700560523503,1,0,0.7878787878787878
753,38994,12.82384685904714,50,0.010000000000000009,0.8210639744997025,1,0,0.78
754,39067,16.294409926553705,73,0.010000000000000009,0.8276574715767822,1,0,0.7638888888888888
755,39132,16.374983638827494,65,0.010000000000000009,0.7984539575301683,1,0,0.7076923076923077
756,39187,14.814469197759456,55,0.010000000000000009,0.7841142516244541,1,0,0.7924528301886793
757,39250,14.530368746073535,63,0.010000000000000009,0.8100052490120843,1,0,0.7903225806451613
758,39327,18.198634027962278,77,0.010000000000000009,0.830970081609565,1,0,0.8051948051948052
759,39369,14.37994491242341,42,0.010000000000000009,0.8125302859005474,1,0,0.8292682926829268
760,39418,15.3977088847185,49,0.010000000000000009,0.8517407111975611,1,0,0.6666666666666666
761,39463,14.452850685405561,45,0.010000000000000009,0.7972823205921385,1,0,0.8222222222222222
762,39546,17.03946907731596,83,0.010000000000000009,0.837412129683667,1,0,0.7926829268292683
763,39629,17.551262616323605,83,0.010000000000000009,0.8015365679580045,1,0,0.725
764,39644,11.360737824972588,15,0.010000000000000009,0.8419263482093811,1,0,0.6666666666666666
765,39710,17.216129604748353,66,0.010000000000000009,0.817969896125071,1,0,0.8769230769230769
766,39769,15.365252305766091,59,0.010000000000000009,0.767999930654542,1,0,0.847457627118644
767,39856,16.834829408320893,87,0.010000000000000009,0.7877720964365992,1,0,0.872093023255814
768,39948,18.653824196623013,92,0.010000000000000009,0.7912351722302644,1,0,0.8111111111111111
769,40009,16.339842280925048,61,0.010000000000000009,0.7616324788722836,1,0,0.6833333333333333
770,40104,17.743663685102938,95,0.010000000000000009,0.7963835816634329,1,0,0.7368421052631579
771,40177,16.025658163084163,73,0.010000000000000009,0.7627625040812035,1,0,0.7083333333333334
772,40237,15.791385396082642,60,0.010000000000000009,0.7975479528307915,1,0,0.85
773,40301,15.852327068182055,64,0.010000000000000009,0.794909396674484,1,0,0.6825396825396826
774,40374,16.722024253130083,73,0.010000000000000009,0.8164160137307154,1,0,0.6986301369863014
775,40473,18.981339774318293,99,0.010000000000000009,0.7968360871979685,1,0,0.797979797979798
776,40502,12.460089816512564,29,0.010000000000000009,0.7970661572341261,1,0,0.8275862068965517
777,40547,13.874721879873288,45,0.010000000000000009,0.7739362140496572,1,0,0.8222222222222222
778,40637,18.11002601920284,90,0.010000000000000009,0.7361336093809869,1,0,0.8111111111111111
779,40684,14.30786649545724,47,0.010000000000000009,0.739371120295626,1,0,0.7872340425531915
780,40739,15.179491244572247,55,0.010000000000000009,0.7569070149551739,1,0,0.7818181818181819
781,40792,15.835854543701895,53,0.010000000000000009,0.7893927634324668,1,0,0.660377358490566
782,40841,15.21537458789916,49,0.010000000000000009,0.7894943417335043,1,0,0.8958333333333334
783,40886,14.843279669710522,45,0.010000000000000009,0.7583359036180708,1,0,0.6590909090909091
784,40916,-2.8852545085379218,30,0.010000000000000009,0.7453265433510144,0,1,0.8333333333333334
785,40992,17.344342878786783,76,0.010000000000000009,0.761489540730652,1,0,0.68
786,41041,14.921932946756689,49,0.010000000000000009,0.8098411529648061,1,0,0.7142857142857143
787,41106,15.289826556523288,65,0.010000000000000009,0.7615821343201857,1,0,0.703125
788,41172,16.459295033873563,66,0.010000000000000009,0.7843011764414383,1,0,0.6515151515151515
789,41243,16.326413975289817,71,0.010000000000000009,0.749949111695021,1,0,0.7183098591549296
790,41265,-2.9720291505462844,22,0.010000000000000009,0.72103547711264,0,1,0.6818181818181818
791,41360,16.901726357172866,95,0.010000000000000009,0.753331973521333,1,0,0.7659574468085106
792,41419,16.336080453923678,59,0.010000000000000009,0.7473235675844095,1,0,0.847457627118644
793,41459,13.714745950409945,40,0.010000000000000009,0.7696099221706391,1,0,0.625
794,41540,18.267788175178744,81,0.010000000000000009,0.739055256968663,1,0,0.7
795,41620,17.740631090344156,80,0.010000000000000009,0.729578597471118,1,0,0.7721518987341772
796,41691,15.5326603851736,71,0.010000000000000009,0.7235878363881313,1,0,0.7183098591549296
797,41757,16.763192381323478,66,0.010000000000000009,0.7122790025490703,1,0,0.734375
798,41839,17.29859714244133,82,0.010000000000000009,0.7057336814156393,1,0,0.7901234567901234
799,41859,11.875895644246821,20,0.010000000000000009,0.7015777960419655,1,0,0.9473684210526315
800,41917,15.480326542760071,58,0.010000000000000009,0.7308891875476673,1,0,0.7192982456140351
801,41990,15.52178697063492,73,0.010000000000000009,0.75763786737233,1,0,0.7083333333333334
802,42052,15.354983408487694,62,0.010000000000000009,0.7354060976255324,1,0,0.6774193548387096
803,42095,14.799913179600692,43,0.010000000000000009,0.7053747942974401,1,0,0.7441860465116279
804,42181,17.52807591801933,86,0.010000000000000009,0.7084789516967397,1,0,0.8588235294117647
805,42247,16.463688662999953,66,0.010000000000000009,0.7201277232079795,1,0,0.7076923076923077
806,42280,-3.2775900983892825,33,0.010000000000000009,0.6944651450171615,0,1,0.9090909090909091
807,42360,16.753366968753532,80,0.010000000000000009,0.7350816445425152,1,0,0.7307692307692307
808,42416,15.535537362158959,56,0.010000000000000009,0.7290996219962835,1,0,0.6727272727272727
809,42491,15.31181251916892,75,0.010000000000000009,0.6750426711638768,1,0,0.684931506849315
810,42554,16.678294548187626,63,0.010000000000000009,0.6915945053573639,1,0,0.7741935483870968
811,42632,15.366983903599312,78,0.010000000000000009,0.6822097763801233,1,0,0.8181818181818182
812,42680,13.483486922984266,48,0.010000000000000009,0.6740664479633173,1,0,0.8333333333333334
813,42746,16.061921160725845,66,0.010000000000000009,0.6974991404197433,1,0,0.6615384615384615
814,42828,17.302002300178714,82,0.010000000000000009,0.6881819089374891,1,0,0.7317073170731707
815,42912,16.739059739894486,84,0.010000000000000009,0.6815221506570067,1,0,0.7831325301204819
816,42987,16.38219987442697,75,0.010000000000000009,0.6767715189854304,1,0,0.6933333333333334
817,43025,11.601843854016767,38,0.010000000000000009,0.6917052492499352,1,0,0.9210526315789473
818,43097,15.868015247371266,72,0.010000000000000009,0.6884465343836281,1,0,0.7361111111111112
819,43183,17.978594260255488,86,0.010000000000000009,0.6591348649803982,1,0,0.7764705882352941
820,43275,17.900227126059995,92,0.010000000000000009,0.6642561771137558,1,0,0.7934782608695652
821,43324,14.436348208135232,49,0.010000000000000009,0.6675664423679819,1,0,0.7291666666666666
822,43364,13.922143490861256,40,0.010000000000000009,0.6709677319973707,1,0,0.7692307692307693
823,43434,16.580340234773736,70,0.010000000000000009,0.6844365962914059,1,0,0.6811594202898551
824,43460,12.497232299994183,26,0.010000000000000009,0.6455821188596579,1,0,0.7916666666666666
825,43502,14.02650269439328,42,0.010000000000000009,0.6710464688284057,1,0,0.8333333333333334
826,43568,16.6069197314952,66,0.010000000000000009,0.6625758274035021,1,0,0.7230769230769231
827,43634,16.593898738997517,66,0.010000000000000009,0.6408902241876631,1,0,0.7424242424242424
828,43694,16.587193046656765,60,0.010000000000000009,0.6326767635842164,1,0,0.8166666666666667
829,43745,14.321102807697013,51,0.010000000000000009,0.6690480229901332,1,0,0.803921568627451
830,43800,15.19659519598542,55,0.010000000000000009,0.6345989603887905,1,0,0.8518518518518519
831,43867,16.90387452544599,67,0.010000000000000009,0.6432419615005379,1,0,0.676923076923077
832,43944,16.421248211461318,77,0.010000000000000009,0.6306143945881298,1,0,0.7142857142857143
833,43982,13.645934285496352,38,0.010000000000000009,0.6368298299218479,1,0,0.7631578947368421
834,44034,15.78793108063579,52,0.010000000000000009,0.6466819798717132,1,0,0.6730769230769231
835,44068,13.29339138872491,34,0.010000000000000009,0.6477479334263241,1,0,0.8529411764705882
836,44144,15.839839024963677,76,0.010000000000000009,0.6351992177139771,1,0,0.8533333333333334
837,44228,18.030007490798102,84,0.010000000000000009,0.6302930702943177,1,0,0.7590361445783133
838,44287,14.64256360102348,59,0.010000000000000009,0.6351770983409073,1,0,0.7627118644067796
839,44325,13.294952085684766,38,0.010000000000000009,0.6289688058589634,1,0,0.6944444444444444
840,44395,15.279268272647293,70,0.010000000000000009,0.6334231290434088,1,0,0.6811594202898551
841,44455,16.720591217591647,60,0.010000000000000009,0.6234666836758455,1,0,0.711864406779661
842,44539,15.673182410547708,84,0.010000000000000009,0.6060941404707375,1,0,0.7710843373493976
843,44599,16.375538550123917,60,0.010000000000000009,0.6358361023167769,1,0,0.7457627118644068
844,44670,17.59925207071609,71,0.010000000000000009,0.6153236704183297,1,0,0.7464788732394366
845,44722,15.03852996927532,52,0.010000000000000009,0.6297155165901551,1,0,0.78
846,44769,14.389130572223745,47,0.010000000000000009,0.6369234103154628,1,0,0.717391304347826
847,44803,13.458403970358567,34,0.010000000000000009,0.5933639961568749,1,0,0.7647058823529411
848,44862,15.548762219887722,59,0.010000000000000009,0.6082695792034521,1,0,0.559322033898305
849,44927,16.942727174738664,65,0.010000000000000009,0.6250342652201653,1,0,0.75
850,45002,17.69861565782582,75,0.010000000000000009,0.6077519718805949,1,0,0.7733333333333333
851,45058,14.357488101638637,56,0.010000000000000009,0.6250615987394538,1,0,0.75
852,45135,17.62243365607989,77,0.010000000000000009,0.6167228171577701,1,0,0.7532467532467533
853,45219,18.23970940482159,84,0.010000000000000009,0.5997425556360256,1,0,0.7590361445783133
854,45307,18.647003698785326,88,0.010000000000000009,0.5907300676811825,1,0,0.7126436781609196
855,45374,16.674003310470244,67,0.010000000000000009,0.6147164228691984,1,0,0.7424242424242424
856,45430,14.70436290510149,56,0.010000000000000009,0.6208224742274199,1,0,0.7272727272727273
857,45484,15.697966486119839,54,0.010000000000000009,0.595276012878727,1,0,0.6851851851851852
858,45568,17.042861607538537,84,0.010000000000000009,0.6004732458719185,1,0,0.6506024096385542
859,45662,18.607691159771836,94,0.010000000000000009,0.5950775853496917,1,0,0.7956989247311828
860,45728,15.918518506685315,66,0.010000000000000009,0.6032582858972477,1,0,0.6307692307692307
861,45784,13.158140868561,56,0.010000000000000009,0.6115749023322549,1,0,0.7636363636363637
862,45842,15.96510116559661,58,0.010000000000000009,0.605172300647045,1,0,0.6666666666666666
863,45902,15.695260340309739,60,0.010000000000000009,0.5887187243749697,1,0,0.7457627118644068
864,45985,17.30474507689933,83,0.010000000000000009,0.6133833587708244,1,0,0.7439024390243902
865,46073,18.145083200757057,88,0.010000000000000009,0.5982060149650682,1,0,0.6976744186046512
866,46156,15.678624089816125,83,0.010000000000000009,0.6016811124352087,1,0,0.7710843373493976
867,46233,16.58582681306526,77,0.010000000000000009,0.588209896505653,1,0,0.7866666666666666
868,46304,16.23582966441621,71,0.010000000000000009,0.5945904920218696,1,0,0.7887323943661971
869,46376,16.072441643094226,72,0.010000000000000009,0.5986744114715192,1,0,0.7638888888888888
870,46454,-0.09836732963155193,78,0.010000000000000009,0.5882140396115108,0,1,0.6883116883116883
871,46501,15.067814959610175,47,0.010000000000000009,0.5950149093219574,1,0,0.6808510638297872
872,46572,17.33423520811302,71,0.010000000000000009,0.5702433446553391,1,0,0.8142857142857143
873,46630,-0.021533918896506243,58,0.010000000000000009,0.5920323124476548,0,1,0.7241379310344828
874,46692,15.14158667495863,62,0.010000000000000009,0.6419532162047201,1,0,0.6290322580645161
875,46774,18.268846779124836,82,0.010000000000000009,0.6718737042350013,1,0,0.7439024390243902
876,46832,16.34919636700496,58,0.010000000000000009,0.6526228904981037,1,0,0.8771929824561403
877,46866,13.124001556102172,34,0.010000000000000009,0.6551500672803205,1,0,0.8235294117647058
878,46952,18.178312970101096,86,0.010000000000000009,0.6026038666970508,1,0,0.7093023255813954
879,47024,16.946480335626177,72,0.010000000000000009,0.65908934476061,1,0,0.7777777777777778
880,47110,16.790147528511717,86,0.010000000000000009,0.6508145174661348,1,0,0.7647058823529411
881,47180,15.090201283114357,70,0.010000000000000009,0.5950221732258797,1,0,0.7428571428571429
882,47239,15.911122598638821,59,0.010000000000000009,0.5802229426927485,1,0,0.7457627118644068
883,47308,17.155256348786647,69,0.010000000000000009,0.6104141713484473,1,0,0.7101449275362319
884,47383,17.266849554938695,75,0.010000000000000009,0.602083411415418,1,0,0.8243243243243243
885,47417,13.115701207349115,34,0.010000000000000009,0.6013207832241759,1,0,0.8823529411764706
886,47501,18.448246717515172,84,0.010000000000000009,0.6269950270652771,1,0,0.6987951807228916
887,47564,14.748506832675154,63,0.010000000000000009,0.5904715116771441,1,0,0.8095238095238095
888,47615,15.151195311636808,51,0.010000000000000009,0.6211637745008749,1,0,0.6862745098039216
889,47694,16.52749985518773,79,0.010000000000000009,0.6005128687129745,1,0,0.7215189873417721
890,47731,-3.3151992971399147,37,0.010000000000000009,0.6734698505417721,0,1,0.7777777777777778
891,47782,13.073430376773524,51,0.010000000000000009,0.6214501971707624,1,0,0.7843137254901961
892,47851,15.384488439114108,69,0.010000000000000009,0.644498025269612,1,0,0.6764705882352942
893,47916,14.400043778557617,65,0.010000000000000009,0.6040749254134985,1,0,0.8095238095238095
894,47979,16.125599514811217,63,0.010000000000000009,0.6492612801847004,1,0,0.8095238095238095
895,48049,16.208233334210043,70,0.010000000000000009,0.6311350979975292,1,0,0.6571428571428571
896,48105,15.389415479109015,56,0.010000000000000009,0.589426142695759,1,0,0.7454545454545455
897,48142,-2.8553970123463115,37,0.010000000000000009,0.5936248679016087,0,1,0.6216216216216216
898,48182,14.008246007679753,40,0.010000000000000009,0.6118830572813749,1,0,0.825
899,48264,15.385283846418217,82,0.010000000000000009,0.6083931071547474,1,0,0.8536585365853658
900,48313,15.209834463027619,49,0.010000000000000009,0.5886661652095464,1,0,0.7959183673469388
901,48383,0.3439103503902441,70,0.010000000000000009,0.6471020884811878,0,1,0.6811594202898551
902,48451,16.472147906838536,68,0.010000000000000009,0.580010436475277,1,0,0.7313432835820896
903,48471,-2.745757076877704,20,0.010000000000000009,0.6011290177702904,0,1,0.7
904,48555,15.16713173228934,84,0.010000000000000009,0.604791201118912,1,0,0.7349397590361446
905,48604,12.333447407554349,49,0.010000000000000009,0.608560037095936,1,0,0.8125
906,48635,-2.8737555477893273,31,0.010000000000000009,0.700896970687374,0,1,0.6129032258064516
907,48709,17.0612867899722,74,0.010000000000000009,0.6582920050902946,1,0,0.7432432432432432
908,48755,15.002491454973727,46,0.010000000000000009,0.6548229896503946,1,0,0.7555555555555555
909,48794,-0.7600076241510427,39,0.010000000000000009,0.6287159742071078,0,1,0.5641025641025641
910,48884,17.204140079999622,90,0.010000000000000009,0.6580150052905083,1,0,0.75
911,48915,13.31708180814785,31,0.010000000000000009,0.6686961165358943,1,0,0.9
912,48950,-3.6164452869341734,35,0.010000000000000009,0.6652211080704417,0,1,0.6571428571428571
913,48977,-8.269000245704007,27,0.010000000000000009,0.7300798661179013,0,1,1.0
914,49051,16.412745266409544,74,0.010000000000000009,0.716586286856516,1,0,0.6164383561643836
915,49111,16.70486102748302,60,0.010000000000000009,0.6685254500557979,1,0,0.7833333333333333
916,49149,13.69035312858942,38,0.010000000000000009,0.6588196525056111,1,0,1.0
917,49195,14.516342363845851,46,0.010000000000000009,0.6268059441252894,1,0,0.782608695652174
918,49275,17.120290906876544,80,0.010000000000000009,0.6598021890968084,1,0,0.725
919,49364,16.123527004825327,89,0.010000000000000009,0.6877895473931612,1,0,0.7528089887640449
920,49450,18.224774688808935,86,0.010000000000000009,0.6864047272260799,1,0,0.8023255813953488
921,49512,16.212028042904656,62,0.010000000000000009,0.6925667356098851,1,0,0.8064516129032258
922,49589,17.66307578529997,77,0.010000000000000009,0.6780304200463481,1,0,0.7837837837837838
923,49664,15.364346741829522,75,0.010000000000000009,0.6806682601571084,1,0,0.7702702702702703
924,49728,14.780835772262265,64,0.010000000000000009,0.6372945362236351,1,0,0.765625
925,49808,16.723397828143018,80,0.010000000000000009,0.7262866258621216,1,0,0.7307692307692307
926,49878,17.277337964304337,70,0.010000000000000009,0.7189022426094328,1,0,0.7714285714285715
927,49945,16.88784219209008,67,0.010000000000000009,0.7009798617505315,1,0,0.7313432835820896
928,49986,13.813853302956838,41,0.010000000000000009,0.6770189560768081,1,0,0.8
929,50033,15.150374847792548,47,0.010000000000000009,0.6764807802565554,1,0,0.8297872340425532
930,50091,15.194684889641438,58,0.010000000000000009,0.7131697082057081,1,0,0.7543859649122807
931,50160,15.897919039287142,69,0.010000000000000009,0.6493542808769406,1,0,0.6956521739130435
932,50186,12.57275779675284,26,0.010000000000000009,0.6978072976836791,1,0,0.9615384615384616
933,50260,15.211603874608564,74,0.010000000000000009,0.6877154216573045,1,0,0.8108108108108109
934,50332,16.886113576302158,72,0.010000000000000009,0.6646068534917302,1,0,0.8142857142857143
935,50407,15.6665033611403,75,0.010000000000000009,0.7227752360701561,1,0,0.7837837837837838
936,50469,15.506995866199892,62,0.010000000000000009,0.6388543081139365,1,0,0.6612903225806451
937,50523,15.6607703431381,54,0.010000000000000009,0.716450475294281,1,0,0.7407407407407407
938,50574,14.743538315420773,51,0.010000000000000009,0.6641563282293432,1,0,0.7755102040816326
939,50659,18.003901528368246,85,0.010000000000000009,0.677827873738373,1,0,0.75
940,50716,15.463354980231266,57,0.010000000000000009,0.6665547121512262,1,0,0.6607142857142857
941,50757,11.674576009365186,41,0.010000000000000009,0.662370197656678,1,0,0.925
942,50815,15.403078121251921,58,0.010000000000000009,0.6874158553265292,1,0,0.8620689655172413
943,50876,14.138980878888749,61,0.010000000000000009,0.6627115564512425,1,0,0.6885245901639344
944,50938,16.765648417583222,62,0.010000000000000009,0.7078425927508262,1,0,0.819672131147541
945,51019,17.438937503720016,81,0.010000000000000009,0.6859131733208527,1,0,0.8
946,51114,18.7200401640281,95,0.010000000000000009,0.6926907743278302,1,0,0.7849462365591398
947,51178,16.067652508146438,64,0.010000000000000009,0.7034631560090929,1,0,0.7301587301587301
948,51209,12.903382797714205,31,0.010000000000000009,0.6734459520347656,1,0,0.9032258064516129
949,51296,17.642539593328657,87,0.010000000000000009,0.6816360239667454,1,0,0.7674418604651163
950,51373,17.753548795587506,77,0.010000000000000009,0.6529995926788875,1,0,0.7733333333333333
951,51417,12.673079803159865,44,0.010000000000000009,0.6849434111605991,1,0,0.8409090909090909
952,51500,17.92657091504725,83,0.010000000000000009,0.6673105122992792,1,0,0.7654320987654321
953,51572,14.839820539020803,72,0.010000000000000009,0.6868794471439388,1,0,0.676056338028169
954,51661,18.014007914814172,89,0.010000000000000009,0.6567011267114221,1,0,0.7471264367816092
955,51738,16.874339424683566,77,0.010000000000000009,0.7024434880389796,1,0,0.7402597402597403
956,51812,18.0041889999867,74,0.010000000000000009,0.709843682074869,1,0,0.6712328767123288
957,51879,16.227761719600682,67,0.010000000000000009,0.6423809710723251,1,0,0.8805970149253731
958,51962,17.975173583069353,83,0.010000000000000009,0.6436499797077064,1,0,0.7710843373493976
959,51996,11.350688742199107,34,0.010000000000000009,0.6506405393866932,1,0,0.9411764705882353
960,52074,16.24562309384975,78,0.010000000000000009,0.6844925735241327,1,0,0.7435897435897436
961,52157,17.486630947116424,83,0.010000000000000009,0.6608770807464439,1,0,0.7195121951219512
962,52189,-2.897825992433737,32,0.010000000000000009,0.6284618806093931,0,1,0.625
963,52255,15.967031905856354,66,0.010000000000000009,0.6612968408700192,1,0,0.6818181818181818
964,52310,15.337142187568908,55,0.010000000000000009,0.6100646216760982,1,0,0.7777777777777778
965,52359,-0.8019560252408828,49,0.010000000000000009,0.6561030751588394,0,1,0.673469387755102
966,52429,17.8107607358588,70,0.010000000000000009,0.697202365739005,1,0,0.7857142857142857
967,52468,14.385122634354886,39,0.010000000000000009,0.7053446956934073,1,0,0.7435897435897436
968,52546,16.480461457116235,78,0.010000000000000009,0.7016763257292601,1,0,0.7012987012987013
969,52622,16.85146525802395,76,0.010000000000000009,0.6459941771861754,1,0,0.6666666666666666
970,52708,17.073156658551596,86,0.010000000000000009,0.6718286201357841,1,0,0.7619047619047619
971,52766,15.001431063854636,58,0.010000000000000009,0.7133568078279495,1,0,0.896551724137931
972,52845,17.303933900131945,79,0.010000000000000009,0.676252918530114,1,0,0.6582278481012658
973,52910,15.380308319924612,65,0.010000000000000009,0.6667719059265577,1,0,0.7846153846153846
974,52974,16.20494966442845,64,0.010000000000000009,0.6378103664610535,1,0,0.6875
975,53010,11.486522136377125,36,0.010000000000000009,0.7159744248621993,1,0,0.9428571428571428
976,53052,13.830752519790417,42,0.010000000000000009,0.6659716289667856,1,0,0.9523809523809523
977,53109,15.132131261344902,57,0.010000000000000009,0.6200599108348813,1,0,0.7192982456140351
978,53182,16.145857825146727,73,0.010000000000000009,0.6311577056368737,1,0,0.6388888888888888
979,53266,17.938474714901105,84,0.010000000000000009,0.6470851882227829,1,0,0.7831325301204819
980,53328,15.618809327817164,62,0.010000000000000009,0.6785389069587954,1,0,0.6612903225806451
981,53410,17.159186325649053,82,0.010000000000000009,0.6523944117674013,1,0,0.7530864197530864
982,53450,13.999120964602994,40,0.010000000000000009,0.6386584956198931,1,0,0.8
983,53527,16.155659100965956,77,0.010000000000000009,0.6653393847601754,1,0,0.8181818181818182
984,53617,16.944284241412248,90,0.010000000000000009,0.6823147517939409,1,0,0.8111111111111111
985,53705,18.294546742584235,88,0.010000000000000009,0.6825864171101288,1,0,0.7058823529411765
986,53784,16.986941208255388,79,0.010000000000000009,0.6485314048543761,1,0,0.6538461538461539
987,53830,14.305508552594898,46,0.010000000000000009,0.6550980012701906,1,0,0.8260869565217391
988,53888,15.36911765723476,58,0.010000000000000009,0.6495683759707829,1,0,0.7543859649122807
989,53979,18.196564702392656,91,0.010000000000000009,0.6342185247730423,1,0,0.7802197802197802
990,54014,13.277545315931802,35,0.010000000000000009,0.6284633636474609,1,0,0.7647058823529411
991,54063,13.282017344086855,49,0.010000000000000009,0.6323721712949325,1,0,0.7959183673469388
992,54100,13.575994797346938,37,0.010000000000000009,0.6220415387604687,1,0,0.6944444444444444
993,54174,17.567585731825098,74,0.010000000000000009,0.6473418756111248,1,0,0.6351351351351351
994,54229,15.272914263379963,55,0.010000000000000009,0.6325471349737861,1,0,0.7169811320754716
995,54300,15.339767676393922,71,0.010000000000000009,0.6309523746161394,1,0,0.7142857142857143
996,54333,-1.816130048341908,33,0.010000000000000009,0.654604920835206,0,1,0.65625
997,54424,18.02659422759077,91,0.010000000000000009,0.6356267064482302,1,0,0.7528089887640449
998,54499,14.758921388181514,75,0.010000000000000009,0.6487343770265579,1,0,0.7866666666666666
999,54562,14.995681694797987,63,0.010000000000000009,0.6297211240208338,1,0,0.6984126984126984
1000,54642,16.3865398590394,80,0.010000000000000009,0.6405159721150995,1,0,0.7088607594936709
